﻿<?xml version="1.0" encoding="utf-8" standalone="yes"?>
<Events><Event xmlns='http://schemas.microsoft.com/win/2004/08/events/event'><System><Provider Name='Microsoft-Windows-Security-Auditing' Guid='{54849625-5478-4994-a5ba-3e3b0328c30d}'/><EventID>4672</EventID><Version>0</Version><Level>0</Level><Task>12548</Task><Opcode>0</Opcode><Keywords>0x8020000000000000</Keywords><TimeCreated SystemTime='2020-05-18T07:28:28.086446300Z'/><EventRecordID>1777</EventRecordID><Correlation ActivityID='{3591cc69-2cda-0001-b1cc-9135da2cd601}'/><Execution ProcessID='700' ThreadID='3940'/><Channel>Security</Channel><Computer>DESKTOP-P84STH6</Computer><Security/></System><EventData><Data Name='SubjectUserSid'>S-1-5-18</Data><Data Name='SubjectUserName'>SYSTEM</Data><Data Name='SubjectDomainName'>NT AUTHORITY</Data><Data Name='SubjectLogonId'>0x3e7</Data><Data Name='PrivilegeList'>SeAssignPrimaryTokenPrivilege
			SeTcbPrivilege
			SeSecurityPrivilege
			SeTakeOwnershipPrivilege
			SeLoadDriverPrivilege
			SeBackupPrivilege
			SeRestorePrivilege
			SeDebugPrivilege
			SeAuditPrivilege
			SeSystemEnvironmentPrivilege
			SeImpersonatePrivilege
			SeDelegateSessionUserImpersonatePrivilege</Data></EventData></Event><Event xmlns='http://schemas.microsoft.com/win/2004/08/events/event'><System><Provider Name='Microsoft-Windows-Security-Auditing' Guid='{54849625-5478-4994-a5ba-3e3b0328c30d}'/><EventID>4624</EventID><Version>2</Version><Level>0</Level><Task>12544</Task><Opcode>0</Opcode><Keywords>0x8020000000000000</Keywords><TimeCreated SystemTime='2020-05-18T07:28:28.086439700Z'/><EventRecordID>1776</EventRecordID><Correlation ActivityID='{3591cc69-2cda-0001-b1cc-9135da2cd601}'/><Execution ProcessID='700' ThreadID='3940'/><Channel>Security</Channel><Computer>DESKTOP-P84STH6</Computer><Security/></System><EventData><Data Name='SubjectUserSid'>S-1-5-18</Data><Data Name='SubjectUserName'>DESKTOP-P84STH6$</Data><Data Name='SubjectDomainName'>WORKGROUP</Data><Data Name='SubjectLogonId'>0x3e7</Data><Data Name='TargetUserSid'>S-1-5-18</Data><Data Name='TargetUserName'>SYSTEM</Data><Data Name='TargetDomainName'>NT AUTHORITY</Data><Data Name='TargetLogonId'>0x3e7</Data><Data Name='LogonType'>5</Data><Data Name='LogonProcessName'>Advapi  </Data><Data Name='AuthenticationPackageName'>Negotiate</Data><Data Name='WorkstationName'>-</Data><Data Name='LogonGuid'>{00000000-0000-0000-0000-000000000000}</Data><Data Name='TransmittedServices'>-</Data><Data Name='LmPackageName'>-</Data><Data Name='KeyLength'>0</Data><Data Name='ProcessId'>0x2a8</Data><Data Name='ProcessName'>C:\Windows\System32\services.exe</Data><Data Name='IpAddress'>-</Data><Data Name='IpPort'>-</Data><Data Name='ImpersonationLevel'>%%1833</Data><Data Name='RestrictedAdminMode'>-</Data><Data Name='TargetOutboundUserName'>-</Data><Data Name='TargetOutboundDomainName'>-</Data><Data Name='VirtualAccount'>%%1843</Data><Data Name='TargetLinkedLogonId'>0x0</Data><Data Name='ElevatedToken'>%%1842</Data></EventData></Event><Event xmlns='http://schemas.microsoft.com/win/2004/08/events/event'><System><Provider Name='Microsoft-Windows-Security-Auditing' Guid='{54849625-5478-4994-a5ba-3e3b0328c30d}'/><EventID>4672</EventID><Version>0</Version><Level>0</Level><Task>12548</Task><Opcode>0</Opcode><Keywords>0x8020000000000000</Keywords><TimeCreated SystemTime='2020-05-18T07:27:34.464789900Z'/><EventRecordID>1775</EventRecordID><Correlation ActivityID='{3591cc69-2cda-0001-b1cc-9135da2cd601}'/><Execution ProcessID='700' ThreadID='3364'/><Channel>Security</Channel><Computer>DESKTOP-P84STH6</Computer><Security/></System><EventData><Data Name='SubjectUserSid'>S-1-5-18</Data><Data Name='SubjectUserName'>SYSTEM</Data><Data Name='SubjectDomainName'>NT AUTHORITY</Data><Data Name='SubjectLogonId'>0x3e7</Data><Data Name='PrivilegeList'>SeAssignPrimaryTokenPrivilege
			SeTcbPrivilege
			SeSecurityPrivilege
			SeTakeOwnershipPrivilege
			SeLoadDriverPrivilege
			SeBackupPrivilege
			SeRestorePrivilege
			SeDebugPrivilege
			SeAuditPrivilege
			SeSystemEnvironmentPrivilege
			SeImpersonatePrivilege
			SeDelegateSessionUserImpersonatePrivilege</Data></EventData></Event><Event xmlns='http://schemas.microsoft.com/win/2004/08/events/event'><System><Provider Name='Microsoft-Windows-Security-Auditing' Guid='{54849625-5478-4994-a5ba-3e3b0328c30d}'/><EventID>4624</EventID><Version>2</Version><Level>0</Level><Task>12544</Task><Opcode>0</Opcode><Keywords>0x8020000000000000</Keywords><TimeCreated SystemTime='2020-05-18T07:27:34.464783700Z'/><EventRecordID>1774</EventRecordID><Correlation ActivityID='{3591cc69-2cda-0001-b1cc-9135da2cd601}'/><Execution ProcessID='700' ThreadID='3364'/><Channel>Security</Channel><Computer>DESKTOP-P84STH6</Computer><Security/></System><EventData><Data Name='SubjectUserSid'>S-1-5-18</Data><Data Name='SubjectUserName'>DESKTOP-P84STH6$</Data><Data Name='SubjectDomainName'>WORKGROUP</Data><Data Name='SubjectLogonId'>0x3e7</Data><Data Name='TargetUserSid'>S-1-5-18</Data><Data Name='TargetUserName'>SYSTEM</Data><Data Name='TargetDomainName'>NT AUTHORITY</Data><Data Name='TargetLogonId'>0x3e7</Data><Data Name='LogonType'>5</Data><Data Name='LogonProcessName'>Advapi  </Data><Data Name='AuthenticationPackageName'>Negotiate</Data><Data Name='WorkstationName'>-</Data><Data Name='LogonGuid'>{00000000-0000-0000-0000-000000000000}</Data><Data Name='TransmittedServices'>-</Data><Data Name='LmPackageName'>-</Data><Data Name='KeyLength'>0</Data><Data Name='ProcessId'>0x2a8</Data><Data Name='ProcessName'>C:\Windows\System32\services.exe</Data><Data Name='IpAddress'>-</Data><Data Name='IpPort'>-</Data><Data Name='ImpersonationLevel'>%%1833</Data><Data Name='RestrictedAdminMode'>-</Data><Data Name='TargetOutboundUserName'>-</Data><Data Name='TargetOutboundDomainName'>-</Data><Data Name='VirtualAccount'>%%1843</Data><Data Name='TargetLinkedLogonId'>0x0</Data><Data Name='ElevatedToken'>%%1842</Data></EventData></Event><Event xmlns='http://schemas.microsoft.com/win/2004/08/events/event'><System><Provider Name='Microsoft-Windows-Security-Auditing' Guid='{54849625-5478-4994-a5ba-3e3b0328c30d}'/><EventID>4672</EventID><Version>0</Version><Level>0</Level><Task>12548</Task><Opcode>0</Opcode><Keywords>0x8020000000000000</Keywords><TimeCreated SystemTime='2020-05-18T07:27:31.461236000Z'/><EventRecordID>1773</EventRecordID><Correlation ActivityID='{3591cc69-2cda-0001-b1cc-9135da2cd601}'/><Execution ProcessID='700' ThreadID='3364'/><Channel>Security</Channel><Computer>DESKTOP-P84STH6</Computer><Security/></System><EventData><Data Name='SubjectUserSid'>S-1-5-18</Data><Data Name='SubjectUserName'>SYSTEM</Data><Data Name='SubjectDomainName'>NT AUTHORITY</Data><Data Name='SubjectLogonId'>0x3e7</Data><Data Name='PrivilegeList'>SeAssignPrimaryTokenPrivilege
			SeTcbPrivilege
			SeSecurityPrivilege
			SeTakeOwnershipPrivilege
			SeLoadDriverPrivilege
			SeBackupPrivilege
			SeRestorePrivilege
			SeDebugPrivilege
			SeAuditPrivilege
			SeSystemEnvironmentPrivilege
			SeImpersonatePrivilege
			SeDelegateSessionUserImpersonatePrivilege</Data></EventData></Event><Event xmlns='http://schemas.microsoft.com/win/2004/08/events/event'><System><Provider Name='Microsoft-Windows-Security-Auditing' Guid='{54849625-5478-4994-a5ba-3e3b0328c30d}'/><EventID>4624</EventID><Version>2</Version><Level>0</Level><Task>12544</Task><Opcode>0</Opcode><Keywords>0x8020000000000000</Keywords><TimeCreated SystemTime='2020-05-18T07:27:31.461229800Z'/><EventRecordID>1772</EventRecordID><Correlation ActivityID='{3591cc69-2cda-0001-b1cc-9135da2cd601}'/><Execution ProcessID='700' ThreadID='3364'/><Channel>Security</Channel><Computer>DESKTOP-P84STH6</Computer><Security/></System><EventData><Data Name='SubjectUserSid'>S-1-5-18</Data><Data Name='SubjectUserName'>DESKTOP-P84STH6$</Data><Data Name='SubjectDomainName'>WORKGROUP</Data><Data Name='SubjectLogonId'>0x3e7</Data><Data Name='TargetUserSid'>S-1-5-18</Data><Data Name='TargetUserName'>SYSTEM</Data><Data Name='TargetDomainName'>NT AUTHORITY</Data><Data Name='TargetLogonId'>0x3e7</Data><Data Name='LogonType'>5</Data><Data Name='LogonProcessName'>Advapi  </Data><Data Name='AuthenticationPackageName'>Negotiate</Data><Data Name='WorkstationName'>-</Data><Data Name='LogonGuid'>{00000000-0000-0000-0000-000000000000}</Data><Data Name='TransmittedServices'>-</Data><Data Name='LmPackageName'>-</Data><Data Name='KeyLength'>0</Data><Data Name='ProcessId'>0x2a8</Data><Data Name='ProcessName'>C:\Windows\System32\services.exe</Data><Data Name='IpAddress'>-</Data><Data Name='IpPort'>-</Data><Data Name='ImpersonationLevel'>%%1833</Data><Data Name='RestrictedAdminMode'>-</Data><Data Name='TargetOutboundUserName'>-</Data><Data Name='TargetOutboundDomainName'>-</Data><Data Name='VirtualAccount'>%%1843</Data><Data Name='TargetLinkedLogonId'>0x0</Data><Data Name='ElevatedToken'>%%1842</Data></EventData></Event><Event xmlns='http://schemas.microsoft.com/win/2004/08/events/event'><System><Provider Name='Microsoft-Windows-Security-Auditing' Guid='{54849625-5478-4994-a5ba-3e3b0328c30d}'/><EventID>4672</EventID><Version>0</Version><Level>0</Level><Task>12548</Task><Opcode>0</Opcode><Keywords>0x8020000000000000</Keywords><TimeCreated SystemTime='2020-05-18T07:27:30.170697200Z'/><EventRecordID>1771</EventRecordID><Correlation ActivityID='{3591cc69-2cda-0001-b1cc-9135da2cd601}'/><Execution ProcessID='700' ThreadID='744'/><Channel>Security</Channel><Computer>DESKTOP-P84STH6</Computer><Security/></System><EventData><Data Name='SubjectUserSid'>S-1-5-18</Data><Data Name='SubjectUserName'>SYSTEM</Data><Data Name='SubjectDomainName'>NT AUTHORITY</Data><Data Name='SubjectLogonId'>0x3e7</Data><Data Name='PrivilegeList'>SeAssignPrimaryTokenPrivilege
			SeTcbPrivilege
			SeSecurityPrivilege
			SeTakeOwnershipPrivilege
			SeLoadDriverPrivilege
			SeBackupPrivilege
			SeRestorePrivilege
			SeDebugPrivilege
			SeAuditPrivilege
			SeSystemEnvironmentPrivilege
			SeImpersonatePrivilege
			SeDelegateSessionUserImpersonatePrivilege</Data></EventData></Event><Event xmlns='http://schemas.microsoft.com/win/2004/08/events/event'><System><Provider Name='Microsoft-Windows-Security-Auditing' Guid='{54849625-5478-4994-a5ba-3e3b0328c30d}'/><EventID>4624</EventID><Version>2</Version><Level>0</Level><Task>12544</Task><Opcode>0</Opcode><Keywords>0x8020000000000000</Keywords><TimeCreated SystemTime='2020-05-18T07:27:30.170691100Z'/><EventRecordID>1770</EventRecordID><Correlation ActivityID='{3591cc69-2cda-0001-b1cc-9135da2cd601}'/><Execution ProcessID='700' ThreadID='744'/><Channel>Security</Channel><Computer>DESKTOP-P84STH6</Computer><Security/></System><EventData><Data Name='SubjectUserSid'>S-1-5-18</Data><Data Name='SubjectUserName'>DESKTOP-P84STH6$</Data><Data Name='SubjectDomainName'>WORKGROUP</Data><Data Name='SubjectLogonId'>0x3e7</Data><Data Name='TargetUserSid'>S-1-5-18</Data><Data Name='TargetUserName'>SYSTEM</Data><Data Name='TargetDomainName'>NT AUTHORITY</Data><Data Name='TargetLogonId'>0x3e7</Data><Data Name='LogonType'>5</Data><Data Name='LogonProcessName'>Advapi  </Data><Data Name='AuthenticationPackageName'>Negotiate</Data><Data Name='WorkstationName'>-</Data><Data Name='LogonGuid'>{00000000-0000-0000-0000-000000000000}</Data><Data Name='TransmittedServices'>-</Data><Data Name='LmPackageName'>-</Data><Data Name='KeyLength'>0</Data><Data Name='ProcessId'>0x2a8</Data><Data Name='ProcessName'>C:\Windows\System32\services.exe</Data><Data Name='IpAddress'>-</Data><Data Name='IpPort'>-</Data><Data Name='ImpersonationLevel'>%%1833</Data><Data Name='RestrictedAdminMode'>-</Data><Data Name='TargetOutboundUserName'>-</Data><Data Name='TargetOutboundDomainName'>-</Data><Data Name='VirtualAccount'>%%1843</Data><Data Name='TargetLinkedLogonId'>0x0</Data><Data Name='ElevatedToken'>%%1842</Data></EventData></Event><Event xmlns='http://schemas.microsoft.com/win/2004/08/events/event'><System><Provider Name='Microsoft-Windows-Security-Auditing' Guid='{54849625-5478-4994-a5ba-3e3b0328c30d}'/><EventID>4672</EventID><Version>0</Version><Level>0</Level><Task>12548</Task><Opcode>0</Opcode><Keywords>0x8020000000000000</Keywords><TimeCreated SystemTime='2020-05-18T07:21:09.037239300Z'/><EventRecordID>1769</EventRecordID><Correlation ActivityID='{3591cc69-2cda-0001-b1cc-9135da2cd601}'/><Execution ProcessID='700' ThreadID='744'/><Channel>Security</Channel><Computer>DESKTOP-P84STH6</Computer><Security/></System><EventData><Data Name='SubjectUserSid'>S-1-5-18</Data><Data Name='SubjectUserName'>SYSTEM</Data><Data Name='SubjectDomainName'>NT AUTHORITY</Data><Data Name='SubjectLogonId'>0x3e7</Data><Data Name='PrivilegeList'>SeAssignPrimaryTokenPrivilege
			SeTcbPrivilege
			SeSecurityPrivilege
			SeTakeOwnershipPrivilege
			SeLoadDriverPrivilege
			SeBackupPrivilege
			SeRestorePrivilege
			SeDebugPrivilege
			SeAuditPrivilege
			SeSystemEnvironmentPrivilege
			SeImpersonatePrivilege
			SeDelegateSessionUserImpersonatePrivilege</Data></EventData></Event><Event xmlns='http://schemas.microsoft.com/win/2004/08/events/event'><System><Provider Name='Microsoft-Windows-Security-Auditing' Guid='{54849625-5478-4994-a5ba-3e3b0328c30d}'/><EventID>4624</EventID><Version>2</Version><Level>0</Level><Task>12544</Task><Opcode>0</Opcode><Keywords>0x8020000000000000</Keywords><TimeCreated SystemTime='2020-05-18T07:21:09.037233300Z'/><EventRecordID>1768</EventRecordID><Correlation ActivityID='{3591cc69-2cda-0001-b1cc-9135da2cd601}'/><Execution ProcessID='700' ThreadID='744'/><Channel>Security</Channel><Computer>DESKTOP-P84STH6</Computer><Security/></System><EventData><Data Name='SubjectUserSid'>S-1-5-18</Data><Data Name='SubjectUserName'>DESKTOP-P84STH6$</Data><Data Name='SubjectDomainName'>WORKGROUP</Data><Data Name='SubjectLogonId'>0x3e7</Data><Data Name='TargetUserSid'>S-1-5-18</Data><Data Name='TargetUserName'>SYSTEM</Data><Data Name='TargetDomainName'>NT AUTHORITY</Data><Data Name='TargetLogonId'>0x3e7</Data><Data Name='LogonType'>5</Data><Data Name='LogonProcessName'>Advapi  </Data><Data Name='AuthenticationPackageName'>Negotiate</Data><Data Name='WorkstationName'>-</Data><Data Name='LogonGuid'>{00000000-0000-0000-0000-000000000000}</Data><Data Name='TransmittedServices'>-</Data><Data Name='LmPackageName'>-</Data><Data Name='KeyLength'>0</Data><Data Name='ProcessId'>0x2a8</Data><Data Name='ProcessName'>C:\Windows\System32\services.exe</Data><Data Name='IpAddress'>-</Data><Data Name='IpPort'>-</Data><Data Name='ImpersonationLevel'>%%1833</Data><Data Name='RestrictedAdminMode'>-</Data><Data Name='TargetOutboundUserName'>-</Data><Data Name='TargetOutboundDomainName'>-</Data><Data Name='VirtualAccount'>%%1843</Data><Data Name='TargetLinkedLogonId'>0x0</Data><Data Name='ElevatedToken'>%%1842</Data></EventData></Event><Event xmlns='http://schemas.microsoft.com/win/2004/08/events/event'><System><Provider Name='Microsoft-Windows-Security-Auditing' Guid='{54849625-5478-4994-a5ba-3e3b0328c30d}'/><EventID>4672</EventID><Version>0</Version><Level>0</Level><Task>12548</Task><Opcode>0</Opcode><Keywords>0x8020000000000000</Keywords><TimeCreated SystemTime='2020-05-18T07:19:37.923735300Z'/><EventRecordID>1767</EventRecordID><Correlation ActivityID='{3591cc69-2cda-0001-b1cc-9135da2cd601}'/><Execution ProcessID='700' ThreadID='8044'/><Channel>Security</Channel><Computer>DESKTOP-P84STH6</Computer><Security/></System><EventData><Data Name='SubjectUserSid'>S-1-5-18</Data><Data Name='SubjectUserName'>SYSTEM</Data><Data Name='SubjectDomainName'>NT AUTHORITY</Data><Data Name='SubjectLogonId'>0x3e7</Data><Data Name='PrivilegeList'>SeAssignPrimaryTokenPrivilege
			SeTcbPrivilege
			SeSecurityPrivilege
			SeTakeOwnershipPrivilege
			SeLoadDriverPrivilege
			SeBackupPrivilege
			SeRestorePrivilege
			SeDebugPrivilege
			SeAuditPrivilege
			SeSystemEnvironmentPrivilege
			SeImpersonatePrivilege
			SeDelegateSessionUserImpersonatePrivilege</Data></EventData></Event><Event xmlns='http://schemas.microsoft.com/win/2004/08/events/event'><System><Provider Name='Microsoft-Windows-Security-Auditing' Guid='{54849625-5478-4994-a5ba-3e3b0328c30d}'/><EventID>4624</EventID><Version>2</Version><Level>0</Level><Task>12544</Task><Opcode>0</Opcode><Keywords>0x8020000000000000</Keywords><TimeCreated SystemTime='2020-05-18T07:19:37.923729200Z'/><EventRecordID>1766</EventRecordID><Correlation ActivityID='{3591cc69-2cda-0001-b1cc-9135da2cd601}'/><Execution ProcessID='700' ThreadID='8044'/><Channel>Security</Channel><Computer>DESKTOP-P84STH6</Computer><Security/></System><EventData><Data Name='SubjectUserSid'>S-1-5-18</Data><Data Name='SubjectUserName'>DESKTOP-P84STH6$</Data><Data Name='SubjectDomainName'>WORKGROUP</Data><Data Name='SubjectLogonId'>0x3e7</Data><Data Name='TargetUserSid'>S-1-5-18</Data><Data Name='TargetUserName'>SYSTEM</Data><Data Name='TargetDomainName'>NT AUTHORITY</Data><Data Name='TargetLogonId'>0x3e7</Data><Data Name='LogonType'>5</Data><Data Name='LogonProcessName'>Advapi  </Data><Data Name='AuthenticationPackageName'>Negotiate</Data><Data Name='WorkstationName'>-</Data><Data Name='LogonGuid'>{00000000-0000-0000-0000-000000000000}</Data><Data Name='TransmittedServices'>-</Data><Data Name='LmPackageName'>-</Data><Data Name='KeyLength'>0</Data><Data Name='ProcessId'>0x2a8</Data><Data Name='ProcessName'>C:\Windows\System32\services.exe</Data><Data Name='IpAddress'>-</Data><Data Name='IpPort'>-</Data><Data Name='ImpersonationLevel'>%%1833</Data><Data Name='RestrictedAdminMode'>-</Data><Data Name='TargetOutboundUserName'>-</Data><Data Name='TargetOutboundDomainName'>-</Data><Data Name='VirtualAccount'>%%1843</Data><Data Name='TargetLinkedLogonId'>0x0</Data><Data Name='ElevatedToken'>%%1842</Data></EventData></Event><Event xmlns='http://schemas.microsoft.com/win/2004/08/events/event'><System><Provider Name='Microsoft-Windows-Security-Auditing' Guid='{54849625-5478-4994-a5ba-3e3b0328c30d}'/><EventID>4672</EventID><Version>0</Version><Level>0</Level><Task>12548</Task><Opcode>0</Opcode><Keywords>0x8020000000000000</Keywords><TimeCreated SystemTime='2020-05-18T07:17:41.133035900Z'/><EventRecordID>1765</EventRecordID><Correlation ActivityID='{3591cc69-2cda-0001-b1cc-9135da2cd601}'/><Execution ProcessID='700' ThreadID='744'/><Channel>Security</Channel><Computer>DESKTOP-P84STH6</Computer><Security/></System><EventData><Data Name='SubjectUserSid'>S-1-5-18</Data><Data Name='SubjectUserName'>SYSTEM</Data><Data Name='SubjectDomainName'>NT AUTHORITY</Data><Data Name='SubjectLogonId'>0x3e7</Data><Data Name='PrivilegeList'>SeAssignPrimaryTokenPrivilege
			SeTcbPrivilege
			SeSecurityPrivilege
			SeTakeOwnershipPrivilege
			SeLoadDriverPrivilege
			SeBackupPrivilege
			SeRestorePrivilege
			SeDebugPrivilege
			SeAuditPrivilege
			SeSystemEnvironmentPrivilege
			SeImpersonatePrivilege
			SeDelegateSessionUserImpersonatePrivilege</Data></EventData></Event><Event xmlns='http://schemas.microsoft.com/win/2004/08/events/event'><System><Provider Name='Microsoft-Windows-Security-Auditing' Guid='{54849625-5478-4994-a5ba-3e3b0328c30d}'/><EventID>4624</EventID><Version>2</Version><Level>0</Level><Task>12544</Task><Opcode>0</Opcode><Keywords>0x8020000000000000</Keywords><TimeCreated SystemTime='2020-05-18T07:17:41.133029200Z'/><EventRecordID>1764</EventRecordID><Correlation ActivityID='{3591cc69-2cda-0001-b1cc-9135da2cd601}'/><Execution ProcessID='700' ThreadID='744'/><Channel>Security</Channel><Computer>DESKTOP-P84STH6</Computer><Security/></System><EventData><Data Name='SubjectUserSid'>S-1-5-18</Data><Data Name='SubjectUserName'>DESKTOP-P84STH6$</Data><Data Name='SubjectDomainName'>WORKGROUP</Data><Data Name='SubjectLogonId'>0x3e7</Data><Data Name='TargetUserSid'>S-1-5-18</Data><Data Name='TargetUserName'>SYSTEM</Data><Data Name='TargetDomainName'>NT AUTHORITY</Data><Data Name='TargetLogonId'>0x3e7</Data><Data Name='LogonType'>5</Data><Data Name='LogonProcessName'>Advapi  </Data><Data Name='AuthenticationPackageName'>Negotiate</Data><Data Name='WorkstationName'>-</Data><Data Name='LogonGuid'>{00000000-0000-0000-0000-000000000000}</Data><Data Name='TransmittedServices'>-</Data><Data Name='LmPackageName'>-</Data><Data Name='KeyLength'>0</Data><Data Name='ProcessId'>0x2a8</Data><Data Name='ProcessName'>C:\Windows\System32\services.exe</Data><Data Name='IpAddress'>-</Data><Data Name='IpPort'>-</Data><Data Name='ImpersonationLevel'>%%1833</Data><Data Name='RestrictedAdminMode'>-</Data><Data Name='TargetOutboundUserName'>-</Data><Data Name='TargetOutboundDomainName'>-</Data><Data Name='VirtualAccount'>%%1843</Data><Data Name='TargetLinkedLogonId'>0x0</Data><Data Name='ElevatedToken'>%%1842</Data></EventData></Event><Event xmlns='http://schemas.microsoft.com/win/2004/08/events/event'><System><Provider Name='Microsoft-Windows-Security-Auditing' Guid='{54849625-5478-4994-a5ba-3e3b0328c30d}'/><EventID>5379</EventID><Version>0</Version><Level>0</Level><Task>13824</Task><Opcode>0</Opcode><Keywords>0x8020000000000000</Keywords><TimeCreated SystemTime='2020-05-18T07:09:57.361161200Z'/><EventRecordID>1763</EventRecordID><Correlation ActivityID='{3591cc69-2cda-0001-b1cc-9135da2cd601}'/><Execution ProcessID='700' ThreadID='744'/><Channel>Security</Channel><Computer>DESKTOP-P84STH6</Computer><Security/></System><EventData><Data Name='SubjectUserSid'>S-1-5-21-223836497-1760142647-788189203-1001</Data><Data Name='SubjectUserName'>NS</Data><Data Name='SubjectDomainName'>DESKTOP-P84STH6</Data><Data Name='SubjectLogonId'>0x3fc5f</Data><Data Name='TargetName'>MicrosoftAccount:user=02qdcrfrzzulbvbv</Data><Data Name='Type'>0</Data><Data Name='CountOfCredentialsReturned'>0</Data><Data Name='ReadOperation'>%%8100</Data><Data Name='ReturnCode'>3221226021</Data><Data Name='ProcessCreationTime'>2020-05-18T07:09:56.467677600Z</Data><Data Name='ClientProcessId'>7784</Data></EventData></Event><Event xmlns='http://schemas.microsoft.com/win/2004/08/events/event'><System><Provider Name='Microsoft-Windows-Security-Auditing' Guid='{54849625-5478-4994-a5ba-3e3b0328c30d}'/><EventID>5379</EventID><Version>0</Version><Level>0</Level><Task>13824</Task><Opcode>0</Opcode><Keywords>0x8020000000000000</Keywords><TimeCreated SystemTime='2020-05-18T07:09:57.361025600Z'/><EventRecordID>1762</EventRecordID><Correlation ActivityID='{3591cc69-2cda-0001-b1cc-9135da2cd601}'/><Execution ProcessID='700' ThreadID='744'/><Channel>Security</Channel><Computer>DESKTOP-P84STH6</Computer><Security/></System><EventData><Data Name='SubjectUserSid'>S-1-5-21-223836497-1760142647-788189203-1001</Data><Data Name='SubjectUserName'>NS</Data><Data Name='SubjectDomainName'>DESKTOP-P84STH6</Data><Data Name='SubjectLogonId'>0x3fc5f</Data><Data Name='TargetName'>MicrosoftAccount:user=02qdcrfrzzulbvbv</Data><Data Name='Type'>0</Data><Data Name='CountOfCredentialsReturned'>0</Data><Data Name='ReadOperation'>%%8100</Data><Data Name='ReturnCode'>3221226021</Data><Data Name='ProcessCreationTime'>2020-05-18T07:09:56.467677600Z</Data><Data Name='ClientProcessId'>7784</Data></EventData></Event><Event xmlns='http://schemas.microsoft.com/win/2004/08/events/event'><System><Provider Name='Microsoft-Windows-Security-Auditing' Guid='{54849625-5478-4994-a5ba-3e3b0328c30d}'/><EventID>5379</EventID><Version>0</Version><Level>0</Level><Task>13824</Task><Opcode>0</Opcode><Keywords>0x8020000000000000</Keywords><TimeCreated SystemTime='2020-05-18T07:09:57.358499200Z'/><EventRecordID>1761</EventRecordID><Correlation ActivityID='{3591cc69-2cda-0001-b1cc-9135da2cd601}'/><Execution ProcessID='700' ThreadID='744'/><Channel>Security</Channel><Computer>DESKTOP-P84STH6</Computer><Security/></System><EventData><Data Name='SubjectUserSid'>S-1-5-21-223836497-1760142647-788189203-1001</Data><Data Name='SubjectUserName'>NS</Data><Data Name='SubjectDomainName'>DESKTOP-P84STH6</Data><Data Name='SubjectLogonId'>0x3fc5f</Data><Data Name='TargetName'>MicrosoftAccount:user=02qdcrfrzzulbvbv</Data><Data Name='Type'>0</Data><Data Name='CountOfCredentialsReturned'>0</Data><Data Name='ReadOperation'>%%8100</Data><Data Name='ReturnCode'>3221226021</Data><Data Name='ProcessCreationTime'>2020-05-18T07:09:56.467677600Z</Data><Data Name='ClientProcessId'>7784</Data></EventData></Event><Event xmlns='http://schemas.microsoft.com/win/2004/08/events/event'><System><Provider Name='Microsoft-Windows-Security-Auditing' Guid='{54849625-5478-4994-a5ba-3e3b0328c30d}'/><EventID>5379</EventID><Version>0</Version><Level>0</Level><Task>13824</Task><Opcode>0</Opcode><Keywords>0x8020000000000000</Keywords><TimeCreated SystemTime='2020-05-18T07:09:57.353586000Z'/><EventRecordID>1760</EventRecordID><Correlation ActivityID='{3591cc69-2cda-0001-b1cc-9135da2cd601}'/><Execution ProcessID='700' ThreadID='744'/><Channel>Security</Channel><Computer>DESKTOP-P84STH6</Computer><Security/></System><EventData><Data Name='SubjectUserSid'>S-1-5-21-223836497-1760142647-788189203-1001</Data><Data Name='SubjectUserName'>NS</Data><Data Name='SubjectDomainName'>DESKTOP-P84STH6</Data><Data Name='SubjectLogonId'>0x3fc5f</Data><Data Name='TargetName'>MicrosoftAccount:user=02qdcrfrzzulbvbv</Data><Data Name='Type'>0</Data><Data Name='CountOfCredentialsReturned'>0</Data><Data Name='ReadOperation'>%%8100</Data><Data Name='ReturnCode'>3221226021</Data><Data Name='ProcessCreationTime'>2020-05-18T07:09:56.467677600Z</Data><Data Name='ClientProcessId'>7784</Data></EventData></Event><Event xmlns='http://schemas.microsoft.com/win/2004/08/events/event'><System><Provider Name='Microsoft-Windows-Security-Auditing' Guid='{54849625-5478-4994-a5ba-3e3b0328c30d}'/><EventID>5379</EventID><Version>0</Version><Level>0</Level><Task>13824</Task><Opcode>0</Opcode><Keywords>0x8020000000000000</Keywords><TimeCreated SystemTime='2020-05-18T07:09:56.512280000Z'/><EventRecordID>1759</EventRecordID><Correlation ActivityID='{3591cc69-2cda-0001-b1cc-9135da2cd601}'/><Execution ProcessID='700' ThreadID='744'/><Channel>Security</Channel><Computer>DESKTOP-P84STH6</Computer><Security/></System><EventData><Data Name='SubjectUserSid'>S-1-5-21-223836497-1760142647-788189203-1001</Data><Data Name='SubjectUserName'>NS</Data><Data Name='SubjectDomainName'>DESKTOP-P84STH6</Data><Data Name='SubjectLogonId'>0x3fc5f</Data><Data Name='TargetName'>WindowsLive:(cert):name=02qdcrfrzzulbvbv;serviceuri=*</Data><Data Name='Type'>0</Data><Data Name='CountOfCredentialsReturned'>0</Data><Data Name='ReadOperation'>%%8100</Data><Data Name='ReturnCode'>3221226021</Data><Data Name='ProcessCreationTime'>2020-05-18T07:09:56.467677600Z</Data><Data Name='ClientProcessId'>7784</Data></EventData></Event><Event xmlns='http://schemas.microsoft.com/win/2004/08/events/event'><System><Provider Name='Microsoft-Windows-Security-Auditing' Guid='{54849625-5478-4994-a5ba-3e3b0328c30d}'/><EventID>5379</EventID><Version>0</Version><Level>0</Level><Task>13824</Task><Opcode>0</Opcode><Keywords>0x8020000000000000</Keywords><TimeCreated SystemTime='2020-05-18T07:09:56.512038600Z'/><EventRecordID>1758</EventRecordID><Correlation ActivityID='{3591cc69-2cda-0001-b1cc-9135da2cd601}'/><Execution ProcessID='700' ThreadID='744'/><Channel>Security</Channel><Computer>DESKTOP-P84STH6</Computer><Security/></System><EventData><Data Name='SubjectUserSid'>S-1-5-21-223836497-1760142647-788189203-1001</Data><Data Name='SubjectUserName'>NS</Data><Data Name='SubjectDomainName'>DESKTOP-P84STH6</Data><Data Name='SubjectLogonId'>0x3fc5f</Data><Data Name='TargetName'>WindowsLive:(token):name=02qdcrfrzzulbvbv;serviceuri=*</Data><Data Name='Type'>0</Data><Data Name='CountOfCredentialsReturned'>0</Data><Data Name='ReadOperation'>%%8100</Data><Data Name='ReturnCode'>3221226021</Data><Data Name='ProcessCreationTime'>2020-05-18T07:09:56.467677600Z</Data><Data Name='ClientProcessId'>7784</Data></EventData></Event><Event xmlns='http://schemas.microsoft.com/win/2004/08/events/event'><System><Provider Name='Microsoft-Windows-Security-Auditing' Guid='{54849625-5478-4994-a5ba-3e3b0328c30d}'/><EventID>5379</EventID><Version>0</Version><Level>0</Level><Task>13824</Task><Opcode>0</Opcode><Keywords>0x8020000000000000</Keywords><TimeCreated SystemTime='2020-05-18T07:09:56.511946100Z'/><EventRecordID>1757</EventRecordID><Correlation ActivityID='{3591cc69-2cda-0001-b1cc-9135da2cd601}'/><Execution ProcessID='700' ThreadID='744'/><Channel>Security</Channel><Computer>DESKTOP-P84STH6</Computer><Security/></System><EventData><Data Name='SubjectUserSid'>S-1-5-21-223836497-1760142647-788189203-1001</Data><Data Name='SubjectUserName'>NS</Data><Data Name='SubjectDomainName'>DESKTOP-P84STH6</Data><Data Name='SubjectLogonId'>0x3fc5f</Data><Data Name='TargetName'>MicrosoftAccount:user=02qdcrfrzzulbvbv</Data><Data Name='Type'>0</Data><Data Name='CountOfCredentialsReturned'>0</Data><Data Name='ReadOperation'>%%8100</Data><Data Name='ReturnCode'>3221226021</Data><Data Name='ProcessCreationTime'>2020-05-18T07:09:56.467677600Z</Data><Data Name='ClientProcessId'>7784</Data></EventData></Event><Event xmlns='http://schemas.microsoft.com/win/2004/08/events/event'><System><Provider Name='Microsoft-Windows-Security-Auditing' Guid='{54849625-5478-4994-a5ba-3e3b0328c30d}'/><EventID>5379</EventID><Version>0</Version><Level>0</Level><Task>13824</Task><Opcode>0</Opcode><Keywords>0x8020000000000000</Keywords><TimeCreated SystemTime='2020-05-18T07:09:56.510440400Z'/><EventRecordID>1756</EventRecordID><Correlation ActivityID='{3591cc69-2cda-0001-b1cc-9135da2cd601}'/><Execution ProcessID='700' ThreadID='744'/><Channel>Security</Channel><Computer>DESKTOP-P84STH6</Computer><Security/></System><EventData><Data Name='SubjectUserSid'>S-1-5-21-223836497-1760142647-788189203-1001</Data><Data Name='SubjectUserName'>NS</Data><Data Name='SubjectDomainName'>DESKTOP-P84STH6</Data><Data Name='SubjectLogonId'>0x3fc9c</Data><Data Name='TargetName'>WindowsLive:target=virtualapp/didlogical</Data><Data Name='Type'>0</Data><Data Name='CountOfCredentialsReturned'>1</Data><Data Name='ReadOperation'>%%8100</Data><Data Name='ReturnCode'>0</Data><Data Name='ProcessCreationTime'>2020-05-18T07:09:56.467677600Z</Data><Data Name='ClientProcessId'>7784</Data></EventData></Event><Event xmlns='http://schemas.microsoft.com/win/2004/08/events/event'><System><Provider Name='Microsoft-Windows-Security-Auditing' Guid='{54849625-5478-4994-a5ba-3e3b0328c30d}'/><EventID>5379</EventID><Version>0</Version><Level>0</Level><Task>13824</Task><Opcode>0</Opcode><Keywords>0x8020000000000000</Keywords><TimeCreated SystemTime='2020-05-18T07:09:56.510370300Z'/><EventRecordID>1755</EventRecordID><Correlation ActivityID='{3591cc69-2cda-0001-b1cc-9135da2cd601}'/><Execution ProcessID='700' ThreadID='744'/><Channel>Security</Channel><Computer>DESKTOP-P84STH6</Computer><Security/></System><EventData><Data Name='SubjectUserSid'>S-1-5-21-223836497-1760142647-788189203-1001</Data><Data Name='SubjectUserName'>NS</Data><Data Name='SubjectDomainName'>DESKTOP-P84STH6</Data><Data Name='SubjectLogonId'>0x3fc9c</Data><Data Name='TargetName'>WindowsLive:(cert):name=02qdcrfrzzulbvbv;serviceuri=*</Data><Data Name='Type'>0</Data><Data Name='CountOfCredentialsReturned'>0</Data><Data Name='ReadOperation'>%%8100</Data><Data Name='ReturnCode'>3221226021</Data><Data Name='ProcessCreationTime'>2020-05-18T07:09:56.467677600Z</Data><Data Name='ClientProcessId'>7784</Data></EventData></Event><Event xmlns='http://schemas.microsoft.com/win/2004/08/events/event'><System><Provider Name='Microsoft-Windows-Security-Auditing' Guid='{54849625-5478-4994-a5ba-3e3b0328c30d}'/><EventID>5379</EventID><Version>0</Version><Level>0</Level><Task>13824</Task><Opcode>0</Opcode><Keywords>0x8020000000000000</Keywords><TimeCreated SystemTime='2020-05-18T07:09:56.510080000Z'/><EventRecordID>1754</EventRecordID><Correlation ActivityID='{3591cc69-2cda-0001-b1cc-9135da2cd601}'/><Execution ProcessID='700' ThreadID='7244'/><Channel>Security</Channel><Computer>DESKTOP-P84STH6</Computer><Security/></System><EventData><Data Name='SubjectUserSid'>S-1-5-21-223836497-1760142647-788189203-1001</Data><Data Name='SubjectUserName'>NS</Data><Data Name='SubjectDomainName'>DESKTOP-P84STH6</Data><Data Name='SubjectLogonId'>0x3fc9c</Data><Data Name='TargetName'>WindowsLive:(token):name=02qdcrfrzzulbvbv;serviceuri=*</Data><Data Name='Type'>0</Data><Data Name='CountOfCredentialsReturned'>0</Data><Data Name='ReadOperation'>%%8100</Data><Data Name='ReturnCode'>3221226021</Data><Data Name='ProcessCreationTime'>2020-05-18T07:09:56.467677600Z</Data><Data Name='ClientProcessId'>7784</Data></EventData></Event><Event xmlns='http://schemas.microsoft.com/win/2004/08/events/event'><System><Provider Name='Microsoft-Windows-Security-Auditing' Guid='{54849625-5478-4994-a5ba-3e3b0328c30d}'/><EventID>5379</EventID><Version>0</Version><Level>0</Level><Task>13824</Task><Opcode>0</Opcode><Keywords>0x8020000000000000</Keywords><TimeCreated SystemTime='2020-05-18T07:09:56.509974600Z'/><EventRecordID>1753</EventRecordID><Correlation ActivityID='{3591cc69-2cda-0001-b1cc-9135da2cd601}'/><Execution ProcessID='700' ThreadID='744'/><Channel>Security</Channel><Computer>DESKTOP-P84STH6</Computer><Security/></System><EventData><Data Name='SubjectUserSid'>S-1-5-21-223836497-1760142647-788189203-1001</Data><Data Name='SubjectUserName'>NS</Data><Data Name='SubjectDomainName'>DESKTOP-P84STH6</Data><Data Name='SubjectLogonId'>0x3fc5f</Data><Data Name='TargetName'>WindowsLive:target=virtualapp/didlogical</Data><Data Name='Type'>0</Data><Data Name='CountOfCredentialsReturned'>1</Data><Data Name='ReadOperation'>%%8100</Data><Data Name='ReturnCode'>0</Data><Data Name='ProcessCreationTime'>2020-05-18T07:09:56.467677600Z</Data><Data Name='ClientProcessId'>7784</Data></EventData></Event><Event xmlns='http://schemas.microsoft.com/win/2004/08/events/event'><System><Provider Name='Microsoft-Windows-Security-Auditing' Guid='{54849625-5478-4994-a5ba-3e3b0328c30d}'/><EventID>5379</EventID><Version>0</Version><Level>0</Level><Task>13824</Task><Opcode>0</Opcode><Keywords>0x8020000000000000</Keywords><TimeCreated SystemTime='2020-05-18T07:09:56.509901200Z'/><EventRecordID>1752</EventRecordID><Correlation ActivityID='{3591cc69-2cda-0001-b1cc-9135da2cd601}'/><Execution ProcessID='700' ThreadID='744'/><Channel>Security</Channel><Computer>DESKTOP-P84STH6</Computer><Security/></System><EventData><Data Name='SubjectUserSid'>S-1-5-21-223836497-1760142647-788189203-1001</Data><Data Name='SubjectUserName'>NS</Data><Data Name='SubjectDomainName'>DESKTOP-P84STH6</Data><Data Name='SubjectLogonId'>0x3fc5f</Data><Data Name='TargetName'>WindowsLive:(cert):name=02qdcrfrzzulbvbv;serviceuri=*</Data><Data Name='Type'>0</Data><Data Name='CountOfCredentialsReturned'>0</Data><Data Name='ReadOperation'>%%8100</Data><Data Name='ReturnCode'>3221226021</Data><Data Name='ProcessCreationTime'>2020-05-18T07:09:56.467677600Z</Data><Data Name='ClientProcessId'>7784</Data></EventData></Event><Event xmlns='http://schemas.microsoft.com/win/2004/08/events/event'><System><Provider Name='Microsoft-Windows-Security-Auditing' Guid='{54849625-5478-4994-a5ba-3e3b0328c30d}'/><EventID>5379</EventID><Version>0</Version><Level>0</Level><Task>13824</Task><Opcode>0</Opcode><Keywords>0x8020000000000000</Keywords><TimeCreated SystemTime='2020-05-18T07:09:56.509474600Z'/><EventRecordID>1751</EventRecordID><Correlation ActivityID='{3591cc69-2cda-0001-b1cc-9135da2cd601}'/><Execution ProcessID='700' ThreadID='744'/><Channel>Security</Channel><Computer>DESKTOP-P84STH6</Computer><Security/></System><EventData><Data Name='SubjectUserSid'>S-1-5-21-223836497-1760142647-788189203-1001</Data><Data Name='SubjectUserName'>NS</Data><Data Name='SubjectDomainName'>DESKTOP-P84STH6</Data><Data Name='SubjectLogonId'>0x3fc5f</Data><Data Name='TargetName'>WindowsLive:(token):name=02qdcrfrzzulbvbv;serviceuri=*</Data><Data Name='Type'>0</Data><Data Name='CountOfCredentialsReturned'>0</Data><Data Name='ReadOperation'>%%8100</Data><Data Name='ReturnCode'>3221226021</Data><Data Name='ProcessCreationTime'>2020-05-18T07:09:56.467677600Z</Data><Data Name='ClientProcessId'>7784</Data></EventData></Event><Event xmlns='http://schemas.microsoft.com/win/2004/08/events/event'><System><Provider Name='Microsoft-Windows-Security-Auditing' Guid='{54849625-5478-4994-a5ba-3e3b0328c30d}'/><EventID>5379</EventID><Version>0</Version><Level>0</Level><Task>13824</Task><Opcode>0</Opcode><Keywords>0x8020000000000000</Keywords><TimeCreated SystemTime='2020-05-18T07:09:56.506635400Z'/><EventRecordID>1750</EventRecordID><Correlation ActivityID='{3591cc69-2cda-0001-b1cc-9135da2cd601}'/><Execution ProcessID='700' ThreadID='744'/><Channel>Security</Channel><Computer>DESKTOP-P84STH6</Computer><Security/></System><EventData><Data Name='SubjectUserSid'>S-1-5-18</Data><Data Name='SubjectUserName'>DESKTOP-P84STH6$</Data><Data Name='SubjectDomainName'>WORKGROUP</Data><Data Name='SubjectLogonId'>0x3e7</Data><Data Name='TargetName'>WindowsLive:target=virtualapp/didlogical</Data><Data Name='Type'>0</Data><Data Name='CountOfCredentialsReturned'>1</Data><Data Name='ReadOperation'>%%8100</Data><Data Name='ReturnCode'>0</Data><Data Name='ProcessCreationTime'>2020-05-18T07:09:56.467677600Z</Data><Data Name='ClientProcessId'>7784</Data></EventData></Event><Event xmlns='http://schemas.microsoft.com/win/2004/08/events/event'><System><Provider Name='Microsoft-Windows-Security-Auditing' Guid='{54849625-5478-4994-a5ba-3e3b0328c30d}'/><EventID>5379</EventID><Version>0</Version><Level>0</Level><Task>13824</Task><Opcode>0</Opcode><Keywords>0x8020000000000000</Keywords><TimeCreated SystemTime='2020-05-18T07:09:56.506478600Z'/><EventRecordID>1749</EventRecordID><Correlation ActivityID='{3591cc69-2cda-0001-b1cc-9135da2cd601}'/><Execution ProcessID='700' ThreadID='744'/><Channel>Security</Channel><Computer>DESKTOP-P84STH6</Computer><Security/></System><EventData><Data Name='SubjectUserSid'>S-1-5-18</Data><Data Name='SubjectUserName'>DESKTOP-P84STH6$</Data><Data Name='SubjectDomainName'>WORKGROUP</Data><Data Name='SubjectLogonId'>0x3e7</Data><Data Name='TargetName'>WindowsLive:(cert):name=02sqagntmllxdodi;serviceuri=*</Data><Data Name='Type'>0</Data><Data Name='CountOfCredentialsReturned'>0</Data><Data Name='ReadOperation'>%%8100</Data><Data Name='ReturnCode'>3221226021</Data><Data Name='ProcessCreationTime'>2020-05-18T07:09:56.467677600Z</Data><Data Name='ClientProcessId'>7784</Data></EventData></Event><Event xmlns='http://schemas.microsoft.com/win/2004/08/events/event'><System><Provider Name='Microsoft-Windows-Security-Auditing' Guid='{54849625-5478-4994-a5ba-3e3b0328c30d}'/><EventID>5379</EventID><Version>0</Version><Level>0</Level><Task>13824</Task><Opcode>0</Opcode><Keywords>0x8020000000000000</Keywords><TimeCreated SystemTime='2020-05-18T07:09:56.506069600Z'/><EventRecordID>1748</EventRecordID><Correlation ActivityID='{3591cc69-2cda-0001-b1cc-9135da2cd601}'/><Execution ProcessID='700' ThreadID='744'/><Channel>Security</Channel><Computer>DESKTOP-P84STH6</Computer><Security/></System><EventData><Data Name='SubjectUserSid'>S-1-5-18</Data><Data Name='SubjectUserName'>DESKTOP-P84STH6$</Data><Data Name='SubjectDomainName'>WORKGROUP</Data><Data Name='SubjectLogonId'>0x3e7</Data><Data Name='TargetName'>WindowsLive:(token):name=02sqagntmllxdodi;serviceuri=*</Data><Data Name='Type'>0</Data><Data Name='CountOfCredentialsReturned'>0</Data><Data Name='ReadOperation'>%%8100</Data><Data Name='ReturnCode'>3221226021</Data><Data Name='ProcessCreationTime'>2020-05-18T07:09:56.467677600Z</Data><Data Name='ClientProcessId'>7784</Data></EventData></Event><Event xmlns='http://schemas.microsoft.com/win/2004/08/events/event'><System><Provider Name='Microsoft-Windows-Security-Auditing' Guid='{54849625-5478-4994-a5ba-3e3b0328c30d}'/><EventID>4672</EventID><Version>0</Version><Level>0</Level><Task>12548</Task><Opcode>0</Opcode><Keywords>0x8020000000000000</Keywords><TimeCreated SystemTime='2020-05-18T07:09:56.466609900Z'/><EventRecordID>1747</EventRecordID><Correlation ActivityID='{3591cc69-2cda-0001-b1cc-9135da2cd601}'/><Execution ProcessID='700' ThreadID='744'/><Channel>Security</Channel><Computer>DESKTOP-P84STH6</Computer><Security/></System><EventData><Data Name='SubjectUserSid'>S-1-5-18</Data><Data Name='SubjectUserName'>SYSTEM</Data><Data Name='SubjectDomainName'>NT AUTHORITY</Data><Data Name='SubjectLogonId'>0x3e7</Data><Data Name='PrivilegeList'>SeAssignPrimaryTokenPrivilege
			SeTcbPrivilege
			SeSecurityPrivilege
			SeTakeOwnershipPrivilege
			SeLoadDriverPrivilege
			SeBackupPrivilege
			SeRestorePrivilege
			SeDebugPrivilege
			SeAuditPrivilege
			SeSystemEnvironmentPrivilege
			SeImpersonatePrivilege
			SeDelegateSessionUserImpersonatePrivilege</Data></EventData></Event><Event xmlns='http://schemas.microsoft.com/win/2004/08/events/event'><System><Provider Name='Microsoft-Windows-Security-Auditing' Guid='{54849625-5478-4994-a5ba-3e3b0328c30d}'/><EventID>4624</EventID><Version>2</Version><Level>0</Level><Task>12544</Task><Opcode>0</Opcode><Keywords>0x8020000000000000</Keywords><TimeCreated SystemTime='2020-05-18T07:09:56.466603600Z'/><EventRecordID>1746</EventRecordID><Correlation ActivityID='{3591cc69-2cda-0001-b1cc-9135da2cd601}'/><Execution ProcessID='700' ThreadID='744'/><Channel>Security</Channel><Computer>DESKTOP-P84STH6</Computer><Security/></System><EventData><Data Name='SubjectUserSid'>S-1-5-18</Data><Data Name='SubjectUserName'>DESKTOP-P84STH6$</Data><Data Name='SubjectDomainName'>WORKGROUP</Data><Data Name='SubjectLogonId'>0x3e7</Data><Data Name='TargetUserSid'>S-1-5-18</Data><Data Name='TargetUserName'>SYSTEM</Data><Data Name='TargetDomainName'>NT AUTHORITY</Data><Data Name='TargetLogonId'>0x3e7</Data><Data Name='LogonType'>5</Data><Data Name='LogonProcessName'>Advapi  </Data><Data Name='AuthenticationPackageName'>Negotiate</Data><Data Name='WorkstationName'>-</Data><Data Name='LogonGuid'>{00000000-0000-0000-0000-000000000000}</Data><Data Name='TransmittedServices'>-</Data><Data Name='LmPackageName'>-</Data><Data Name='KeyLength'>0</Data><Data Name='ProcessId'>0x2a8</Data><Data Name='ProcessName'>C:\Windows\System32\services.exe</Data><Data Name='IpAddress'>-</Data><Data Name='IpPort'>-</Data><Data Name='ImpersonationLevel'>%%1833</Data><Data Name='RestrictedAdminMode'>-</Data><Data Name='TargetOutboundUserName'>-</Data><Data Name='TargetOutboundDomainName'>-</Data><Data Name='VirtualAccount'>%%1843</Data><Data Name='TargetLinkedLogonId'>0x0</Data><Data Name='ElevatedToken'>%%1842</Data></EventData></Event><Event xmlns='http://schemas.microsoft.com/win/2004/08/events/event'><System><Provider Name='Microsoft-Windows-Security-Auditing' Guid='{54849625-5478-4994-a5ba-3e3b0328c30d}'/><EventID>4672</EventID><Version>0</Version><Level>0</Level><Task>12548</Task><Opcode>0</Opcode><Keywords>0x8020000000000000</Keywords><TimeCreated SystemTime='2020-05-18T07:09:56.394078400Z'/><EventRecordID>1745</EventRecordID><Correlation ActivityID='{3591cc69-2cda-0001-b1cc-9135da2cd601}'/><Execution ProcessID='700' ThreadID='744'/><Channel>Security</Channel><Computer>DESKTOP-P84STH6</Computer><Security/></System><EventData><Data Name='SubjectUserSid'>S-1-5-18</Data><Data Name='SubjectUserName'>SYSTEM</Data><Data Name='SubjectDomainName'>NT AUTHORITY</Data><Data Name='SubjectLogonId'>0x3e7</Data><Data Name='PrivilegeList'>SeAssignPrimaryTokenPrivilege
			SeTcbPrivilege
			SeSecurityPrivilege
			SeTakeOwnershipPrivilege
			SeLoadDriverPrivilege
			SeBackupPrivilege
			SeRestorePrivilege
			SeDebugPrivilege
			SeAuditPrivilege
			SeSystemEnvironmentPrivilege
			SeImpersonatePrivilege
			SeDelegateSessionUserImpersonatePrivilege</Data></EventData></Event><Event xmlns='http://schemas.microsoft.com/win/2004/08/events/event'><System><Provider Name='Microsoft-Windows-Security-Auditing' Guid='{54849625-5478-4994-a5ba-3e3b0328c30d}'/><EventID>4624</EventID><Version>2</Version><Level>0</Level><Task>12544</Task><Opcode>0</Opcode><Keywords>0x8020000000000000</Keywords><TimeCreated SystemTime='2020-05-18T07:09:56.394071600Z'/><EventRecordID>1744</EventRecordID><Correlation ActivityID='{3591cc69-2cda-0001-b1cc-9135da2cd601}'/><Execution ProcessID='700' ThreadID='744'/><Channel>Security</Channel><Computer>DESKTOP-P84STH6</Computer><Security/></System><EventData><Data Name='SubjectUserSid'>S-1-5-18</Data><Data Name='SubjectUserName'>DESKTOP-P84STH6$</Data><Data Name='SubjectDomainName'>WORKGROUP</Data><Data Name='SubjectLogonId'>0x3e7</Data><Data Name='TargetUserSid'>S-1-5-18</Data><Data Name='TargetUserName'>SYSTEM</Data><Data Name='TargetDomainName'>NT AUTHORITY</Data><Data Name='TargetLogonId'>0x3e7</Data><Data Name='LogonType'>5</Data><Data Name='LogonProcessName'>Advapi  </Data><Data Name='AuthenticationPackageName'>Negotiate</Data><Data Name='WorkstationName'>-</Data><Data Name='LogonGuid'>{00000000-0000-0000-0000-000000000000}</Data><Data Name='TransmittedServices'>-</Data><Data Name='LmPackageName'>-</Data><Data Name='KeyLength'>0</Data><Data Name='ProcessId'>0x2a8</Data><Data Name='ProcessName'>C:\Windows\System32\services.exe</Data><Data Name='IpAddress'>-</Data><Data Name='IpPort'>-</Data><Data Name='ImpersonationLevel'>%%1833</Data><Data Name='RestrictedAdminMode'>-</Data><Data Name='TargetOutboundUserName'>-</Data><Data Name='TargetOutboundDomainName'>-</Data><Data Name='VirtualAccount'>%%1843</Data><Data Name='TargetLinkedLogonId'>0x0</Data><Data Name='ElevatedToken'>%%1842</Data></EventData></Event><Event xmlns='http://schemas.microsoft.com/win/2004/08/events/event'><System><Provider Name='Microsoft-Windows-Security-Auditing' Guid='{54849625-5478-4994-a5ba-3e3b0328c30d}'/><EventID>4672</EventID><Version>0</Version><Level>0</Level><Task>12548</Task><Opcode>0</Opcode><Keywords>0x8020000000000000</Keywords><TimeCreated SystemTime='2020-05-18T07:09:56.294407300Z'/><EventRecordID>1743</EventRecordID><Correlation ActivityID='{3591cc69-2cda-0001-b1cc-9135da2cd601}'/><Execution ProcessID='700' ThreadID='744'/><Channel>Security</Channel><Computer>DESKTOP-P84STH6</Computer><Security/></System><EventData><Data Name='SubjectUserSid'>S-1-5-18</Data><Data Name='SubjectUserName'>SYSTEM</Data><Data Name='SubjectDomainName'>NT AUTHORITY</Data><Data Name='SubjectLogonId'>0x3e7</Data><Data Name='PrivilegeList'>SeAssignPrimaryTokenPrivilege
			SeTcbPrivilege
			SeSecurityPrivilege
			SeTakeOwnershipPrivilege
			SeLoadDriverPrivilege
			SeBackupPrivilege
			SeRestorePrivilege
			SeDebugPrivilege
			SeAuditPrivilege
			SeSystemEnvironmentPrivilege
			SeImpersonatePrivilege
			SeDelegateSessionUserImpersonatePrivilege</Data></EventData></Event><Event xmlns='http://schemas.microsoft.com/win/2004/08/events/event'><System><Provider Name='Microsoft-Windows-Security-Auditing' Guid='{54849625-5478-4994-a5ba-3e3b0328c30d}'/><EventID>4624</EventID><Version>2</Version><Level>0</Level><Task>12544</Task><Opcode>0</Opcode><Keywords>0x8020000000000000</Keywords><TimeCreated SystemTime='2020-05-18T07:09:56.294400600Z'/><EventRecordID>1742</EventRecordID><Correlation ActivityID='{3591cc69-2cda-0001-b1cc-9135da2cd601}'/><Execution ProcessID='700' ThreadID='744'/><Channel>Security</Channel><Computer>DESKTOP-P84STH6</Computer><Security/></System><EventData><Data Name='SubjectUserSid'>S-1-5-18</Data><Data Name='SubjectUserName'>DESKTOP-P84STH6$</Data><Data Name='SubjectDomainName'>WORKGROUP</Data><Data Name='SubjectLogonId'>0x3e7</Data><Data Name='TargetUserSid'>S-1-5-18</Data><Data Name='TargetUserName'>SYSTEM</Data><Data Name='TargetDomainName'>NT AUTHORITY</Data><Data Name='TargetLogonId'>0x3e7</Data><Data Name='LogonType'>5</Data><Data Name='LogonProcessName'>Advapi  </Data><Data Name='AuthenticationPackageName'>Negotiate</Data><Data Name='WorkstationName'>-</Data><Data Name='LogonGuid'>{00000000-0000-0000-0000-000000000000}</Data><Data Name='TransmittedServices'>-</Data><Data Name='LmPackageName'>-</Data><Data Name='KeyLength'>0</Data><Data Name='ProcessId'>0x2a8</Data><Data Name='ProcessName'>C:\Windows\System32\services.exe</Data><Data Name='IpAddress'>-</Data><Data Name='IpPort'>-</Data><Data Name='ImpersonationLevel'>%%1833</Data><Data Name='RestrictedAdminMode'>-</Data><Data Name='TargetOutboundUserName'>-</Data><Data Name='TargetOutboundDomainName'>-</Data><Data Name='VirtualAccount'>%%1843</Data><Data Name='TargetLinkedLogonId'>0x0</Data><Data Name='ElevatedToken'>%%1842</Data></EventData></Event><Event xmlns='http://schemas.microsoft.com/win/2004/08/events/event'><System><Provider Name='Microsoft-Windows-Security-Auditing' Guid='{54849625-5478-4994-a5ba-3e3b0328c30d}'/><EventID>4672</EventID><Version>0</Version><Level>0</Level><Task>12548</Task><Opcode>0</Opcode><Keywords>0x8020000000000000</Keywords><TimeCreated SystemTime='2020-05-18T07:00:18.734473000Z'/><EventRecordID>1741</EventRecordID><Correlation ActivityID='{3591cc69-2cda-0001-b1cc-9135da2cd601}'/><Execution ProcessID='700' ThreadID='6728'/><Channel>Security</Channel><Computer>DESKTOP-P84STH6</Computer><Security/></System><EventData><Data Name='SubjectUserSid'>S-1-5-18</Data><Data Name='SubjectUserName'>SYSTEM</Data><Data Name='SubjectDomainName'>NT AUTHORITY</Data><Data Name='SubjectLogonId'>0x3e7</Data><Data Name='PrivilegeList'>SeAssignPrimaryTokenPrivilege
			SeTcbPrivilege
			SeSecurityPrivilege
			SeTakeOwnershipPrivilege
			SeLoadDriverPrivilege
			SeBackupPrivilege
			SeRestorePrivilege
			SeDebugPrivilege
			SeAuditPrivilege
			SeSystemEnvironmentPrivilege
			SeImpersonatePrivilege
			SeDelegateSessionUserImpersonatePrivilege</Data></EventData></Event><Event xmlns='http://schemas.microsoft.com/win/2004/08/events/event'><System><Provider Name='Microsoft-Windows-Security-Auditing' Guid='{54849625-5478-4994-a5ba-3e3b0328c30d}'/><EventID>4624</EventID><Version>2</Version><Level>0</Level><Task>12544</Task><Opcode>0</Opcode><Keywords>0x8020000000000000</Keywords><TimeCreated SystemTime='2020-05-18T07:00:18.734466100Z'/><EventRecordID>1740</EventRecordID><Correlation ActivityID='{3591cc69-2cda-0001-b1cc-9135da2cd601}'/><Execution ProcessID='700' ThreadID='6728'/><Channel>Security</Channel><Computer>DESKTOP-P84STH6</Computer><Security/></System><EventData><Data Name='SubjectUserSid'>S-1-5-18</Data><Data Name='SubjectUserName'>DESKTOP-P84STH6$</Data><Data Name='SubjectDomainName'>WORKGROUP</Data><Data Name='SubjectLogonId'>0x3e7</Data><Data Name='TargetUserSid'>S-1-5-18</Data><Data Name='TargetUserName'>SYSTEM</Data><Data Name='TargetDomainName'>NT AUTHORITY</Data><Data Name='TargetLogonId'>0x3e7</Data><Data Name='LogonType'>5</Data><Data Name='LogonProcessName'>Advapi  </Data><Data Name='AuthenticationPackageName'>Negotiate</Data><Data Name='WorkstationName'>-</Data><Data Name='LogonGuid'>{00000000-0000-0000-0000-000000000000}</Data><Data Name='TransmittedServices'>-</Data><Data Name='LmPackageName'>-</Data><Data Name='KeyLength'>0</Data><Data Name='ProcessId'>0x2a8</Data><Data Name='ProcessName'>C:\Windows\System32\services.exe</Data><Data Name='IpAddress'>-</Data><Data Name='IpPort'>-</Data><Data Name='ImpersonationLevel'>%%1833</Data><Data Name='RestrictedAdminMode'>-</Data><Data Name='TargetOutboundUserName'>-</Data><Data Name='TargetOutboundDomainName'>-</Data><Data Name='VirtualAccount'>%%1843</Data><Data Name='TargetLinkedLogonId'>0x0</Data><Data Name='ElevatedToken'>%%1842</Data></EventData></Event><Event xmlns='http://schemas.microsoft.com/win/2004/08/events/event'><System><Provider Name='Microsoft-Windows-Security-Auditing' Guid='{54849625-5478-4994-a5ba-3e3b0328c30d}'/><EventID>4798</EventID><Version>0</Version><Level>0</Level><Task>13824</Task><Opcode>0</Opcode><Keywords>0x8020000000000000</Keywords><TimeCreated SystemTime='2020-05-18T06:50:59.174025500Z'/><EventRecordID>1739</EventRecordID><Correlation ActivityID='{3591cc69-2cda-0001-b1cc-9135da2cd601}'/><Execution ProcessID='700' ThreadID='5772'/><Channel>Security</Channel><Computer>DESKTOP-P84STH6</Computer><Security/></System><EventData><Data Name='TargetUserName'>NS</Data><Data Name='TargetDomainName'>DESKTOP-P84STH6</Data><Data Name='TargetSid'>S-1-5-21-223836497-1760142647-788189203-1001</Data><Data Name='SubjectUserSid'>S-1-5-21-223836497-1760142647-788189203-1001</Data><Data Name='SubjectUserName'>NS</Data><Data Name='SubjectDomainName'>DESKTOP-P84STH6</Data><Data Name='SubjectLogonId'>0x3fc9c</Data><Data Name='CallerProcessId'>0x478</Data><Data Name='CallerProcessName'>C:\Program Files (x86)\Dev-Cpp\devcpp.exe</Data></EventData></Event><Event xmlns='http://schemas.microsoft.com/win/2004/08/events/event'><System><Provider Name='Microsoft-Windows-Security-Auditing' Guid='{54849625-5478-4994-a5ba-3e3b0328c30d}'/><EventID>4798</EventID><Version>0</Version><Level>0</Level><Task>13824</Task><Opcode>0</Opcode><Keywords>0x8020000000000000</Keywords><TimeCreated SystemTime='2020-05-18T06:50:57.572337800Z'/><EventRecordID>1738</EventRecordID><Correlation ActivityID='{3591cc69-2cda-0001-b1cc-9135da2cd601}'/><Execution ProcessID='700' ThreadID='5772'/><Channel>Security</Channel><Computer>DESKTOP-P84STH6</Computer><Security/></System><EventData><Data Name='TargetUserName'>NS</Data><Data Name='TargetDomainName'>DESKTOP-P84STH6</Data><Data Name='TargetSid'>S-1-5-21-223836497-1760142647-788189203-1001</Data><Data Name='SubjectUserSid'>S-1-5-21-223836497-1760142647-788189203-1001</Data><Data Name='SubjectUserName'>NS</Data><Data Name='SubjectDomainName'>DESKTOP-P84STH6</Data><Data Name='SubjectLogonId'>0x3fc9c</Data><Data Name='CallerProcessId'>0x478</Data><Data Name='CallerProcessName'>C:\Program Files (x86)\Dev-Cpp\devcpp.exe</Data></EventData></Event><Event xmlns='http://schemas.microsoft.com/win/2004/08/events/event'><System><Provider Name='Microsoft-Windows-Security-Auditing' Guid='{54849625-5478-4994-a5ba-3e3b0328c30d}'/><EventID>4672</EventID><Version>0</Version><Level>0</Level><Task>12548</Task><Opcode>0</Opcode><Keywords>0x8020000000000000</Keywords><TimeCreated SystemTime='2020-05-18T06:48:11.042881000Z'/><EventRecordID>1737</EventRecordID><Correlation ActivityID='{3591cc69-2cda-0001-b1cc-9135da2cd601}'/><Execution ProcessID='700' ThreadID='6200'/><Channel>Security</Channel><Computer>DESKTOP-P84STH6</Computer><Security/></System><EventData><Data Name='SubjectUserSid'>S-1-5-18</Data><Data Name='SubjectUserName'>SYSTEM</Data><Data Name='SubjectDomainName'>NT AUTHORITY</Data><Data Name='SubjectLogonId'>0x3e7</Data><Data Name='PrivilegeList'>SeAssignPrimaryTokenPrivilege
			SeTcbPrivilege
			SeSecurityPrivilege
			SeTakeOwnershipPrivilege
			SeLoadDriverPrivilege
			SeBackupPrivilege
			SeRestorePrivilege
			SeDebugPrivilege
			SeAuditPrivilege
			SeSystemEnvironmentPrivilege
			SeImpersonatePrivilege
			SeDelegateSessionUserImpersonatePrivilege</Data></EventData></Event><Event xmlns='http://schemas.microsoft.com/win/2004/08/events/event'><System><Provider Name='Microsoft-Windows-Security-Auditing' Guid='{54849625-5478-4994-a5ba-3e3b0328c30d}'/><EventID>4624</EventID><Version>2</Version><Level>0</Level><Task>12544</Task><Opcode>0</Opcode><Keywords>0x8020000000000000</Keywords><TimeCreated SystemTime='2020-05-18T06:48:11.042854100Z'/><EventRecordID>1736</EventRecordID><Correlation ActivityID='{3591cc69-2cda-0001-b1cc-9135da2cd601}'/><Execution ProcessID='700' ThreadID='6200'/><Channel>Security</Channel><Computer>DESKTOP-P84STH6</Computer><Security/></System><EventData><Data Name='SubjectUserSid'>S-1-5-18</Data><Data Name='SubjectUserName'>DESKTOP-P84STH6$</Data><Data Name='SubjectDomainName'>WORKGROUP</Data><Data Name='SubjectLogonId'>0x3e7</Data><Data Name='TargetUserSid'>S-1-5-18</Data><Data Name='TargetUserName'>SYSTEM</Data><Data Name='TargetDomainName'>NT AUTHORITY</Data><Data Name='TargetLogonId'>0x3e7</Data><Data Name='LogonType'>5</Data><Data Name='LogonProcessName'>Advapi  </Data><Data Name='AuthenticationPackageName'>Negotiate</Data><Data Name='WorkstationName'>-</Data><Data Name='LogonGuid'>{00000000-0000-0000-0000-000000000000}</Data><Data Name='TransmittedServices'>-</Data><Data Name='LmPackageName'>-</Data><Data Name='KeyLength'>0</Data><Data Name='ProcessId'>0x2a8</Data><Data Name='ProcessName'>C:\Windows\System32\services.exe</Data><Data Name='IpAddress'>-</Data><Data Name='IpPort'>-</Data><Data Name='ImpersonationLevel'>%%1833</Data><Data Name='RestrictedAdminMode'>-</Data><Data Name='TargetOutboundUserName'>-</Data><Data Name='TargetOutboundDomainName'>-</Data><Data Name='VirtualAccount'>%%1843</Data><Data Name='TargetLinkedLogonId'>0x0</Data><Data Name='ElevatedToken'>%%1842</Data></EventData></Event><Event xmlns='http://schemas.microsoft.com/win/2004/08/events/event'><System><Provider Name='Microsoft-Windows-Security-Auditing' Guid='{54849625-5478-4994-a5ba-3e3b0328c30d}'/><EventID>4672</EventID><Version>0</Version><Level>0</Level><Task>12548</Task><Opcode>0</Opcode><Keywords>0x8020000000000000</Keywords><TimeCreated SystemTime='2020-05-18T06:44:02.631092300Z'/><EventRecordID>1735</EventRecordID><Correlation ActivityID='{3591cc69-2cda-0001-b1cc-9135da2cd601}'/><Execution ProcessID='700' ThreadID='4608'/><Channel>Security</Channel><Computer>DESKTOP-P84STH6</Computer><Security/></System><EventData><Data Name='SubjectUserSid'>S-1-5-18</Data><Data Name='SubjectUserName'>SYSTEM</Data><Data Name='SubjectDomainName'>NT AUTHORITY</Data><Data Name='SubjectLogonId'>0x3e7</Data><Data Name='PrivilegeList'>SeAssignPrimaryTokenPrivilege
			SeTcbPrivilege
			SeSecurityPrivilege
			SeTakeOwnershipPrivilege
			SeLoadDriverPrivilege
			SeBackupPrivilege
			SeRestorePrivilege
			SeDebugPrivilege
			SeAuditPrivilege
			SeSystemEnvironmentPrivilege
			SeImpersonatePrivilege
			SeDelegateSessionUserImpersonatePrivilege</Data></EventData></Event><Event xmlns='http://schemas.microsoft.com/win/2004/08/events/event'><System><Provider Name='Microsoft-Windows-Security-Auditing' Guid='{54849625-5478-4994-a5ba-3e3b0328c30d}'/><EventID>4624</EventID><Version>2</Version><Level>0</Level><Task>12544</Task><Opcode>0</Opcode><Keywords>0x8020000000000000</Keywords><TimeCreated SystemTime='2020-05-18T06:44:02.631085900Z'/><EventRecordID>1734</EventRecordID><Correlation ActivityID='{3591cc69-2cda-0001-b1cc-9135da2cd601}'/><Execution ProcessID='700' ThreadID='4608'/><Channel>Security</Channel><Computer>DESKTOP-P84STH6</Computer><Security/></System><EventData><Data Name='SubjectUserSid'>S-1-5-18</Data><Data Name='SubjectUserName'>DESKTOP-P84STH6$</Data><Data Name='SubjectDomainName'>WORKGROUP</Data><Data Name='SubjectLogonId'>0x3e7</Data><Data Name='TargetUserSid'>S-1-5-18</Data><Data Name='TargetUserName'>SYSTEM</Data><Data Name='TargetDomainName'>NT AUTHORITY</Data><Data Name='TargetLogonId'>0x3e7</Data><Data Name='LogonType'>5</Data><Data Name='LogonProcessName'>Advapi  </Data><Data Name='AuthenticationPackageName'>Negotiate</Data><Data Name='WorkstationName'>-</Data><Data Name='LogonGuid'>{00000000-0000-0000-0000-000000000000}</Data><Data Name='TransmittedServices'>-</Data><Data Name='LmPackageName'>-</Data><Data Name='KeyLength'>0</Data><Data Name='ProcessId'>0x2a8</Data><Data Name='ProcessName'>C:\Windows\System32\services.exe</Data><Data Name='IpAddress'>-</Data><Data Name='IpPort'>-</Data><Data Name='ImpersonationLevel'>%%1833</Data><Data Name='RestrictedAdminMode'>-</Data><Data Name='TargetOutboundUserName'>-</Data><Data Name='TargetOutboundDomainName'>-</Data><Data Name='VirtualAccount'>%%1843</Data><Data Name='TargetLinkedLogonId'>0x0</Data><Data Name='ElevatedToken'>%%1842</Data></EventData></Event><Event xmlns='http://schemas.microsoft.com/win/2004/08/events/event'><System><Provider Name='Microsoft-Windows-Security-Auditing' Guid='{54849625-5478-4994-a5ba-3e3b0328c30d}'/><EventID>4798</EventID><Version>0</Version><Level>0</Level><Task>13824</Task><Opcode>0</Opcode><Keywords>0x8020000000000000</Keywords><TimeCreated SystemTime='2020-05-18T06:36:39.592930500Z'/><EventRecordID>1733</EventRecordID><Correlation ActivityID='{3591cc69-2cda-0001-b1cc-9135da2cd601}'/><Execution ProcessID='700' ThreadID='6732'/><Channel>Security</Channel><Computer>DESKTOP-P84STH6</Computer><Security/></System><EventData><Data Name='TargetUserName'>NS</Data><Data Name='TargetDomainName'>DESKTOP-P84STH6</Data><Data Name='TargetSid'>S-1-5-21-223836497-1760142647-788189203-1001</Data><Data Name='SubjectUserSid'>S-1-5-21-223836497-1760142647-788189203-1001</Data><Data Name='SubjectUserName'>NS</Data><Data Name='SubjectDomainName'>DESKTOP-P84STH6</Data><Data Name='SubjectLogonId'>0x3fc9c</Data><Data Name='CallerProcessId'>0x12cc</Data><Data Name='CallerProcessName'>C:\Program Files (x86)\Google\Chrome\Application\chrome.exe</Data></EventData></Event><Event xmlns='http://schemas.microsoft.com/win/2004/08/events/event'><System><Provider Name='Microsoft-Windows-Security-Auditing' Guid='{54849625-5478-4994-a5ba-3e3b0328c30d}'/><EventID>4672</EventID><Version>0</Version><Level>0</Level><Task>12548</Task><Opcode>0</Opcode><Keywords>0x8020000000000000</Keywords><TimeCreated SystemTime='2020-05-18T06:30:14.043510400Z'/><EventRecordID>1732</EventRecordID><Correlation ActivityID='{3591cc69-2cda-0001-b1cc-9135da2cd601}'/><Execution ProcessID='700' ThreadID='6360'/><Channel>Security</Channel><Computer>DESKTOP-P84STH6</Computer><Security/></System><EventData><Data Name='SubjectUserSid'>S-1-5-18</Data><Data Name='SubjectUserName'>SYSTEM</Data><Data Name='SubjectDomainName'>NT AUTHORITY</Data><Data Name='SubjectLogonId'>0x3e7</Data><Data Name='PrivilegeList'>SeAssignPrimaryTokenPrivilege
			SeTcbPrivilege
			SeSecurityPrivilege
			SeTakeOwnershipPrivilege
			SeLoadDriverPrivilege
			SeBackupPrivilege
			SeRestorePrivilege
			SeDebugPrivilege
			SeAuditPrivilege
			SeSystemEnvironmentPrivilege
			SeImpersonatePrivilege
			SeDelegateSessionUserImpersonatePrivilege</Data></EventData></Event><Event xmlns='http://schemas.microsoft.com/win/2004/08/events/event'><System><Provider Name='Microsoft-Windows-Security-Auditing' Guid='{54849625-5478-4994-a5ba-3e3b0328c30d}'/><EventID>4624</EventID><Version>2</Version><Level>0</Level><Task>12544</Task><Opcode>0</Opcode><Keywords>0x8020000000000000</Keywords><TimeCreated SystemTime='2020-05-18T06:30:14.043504000Z'/><EventRecordID>1731</EventRecordID><Correlation ActivityID='{3591cc69-2cda-0001-b1cc-9135da2cd601}'/><Execution ProcessID='700' ThreadID='6360'/><Channel>Security</Channel><Computer>DESKTOP-P84STH6</Computer><Security/></System><EventData><Data Name='SubjectUserSid'>S-1-5-18</Data><Data Name='SubjectUserName'>DESKTOP-P84STH6$</Data><Data Name='SubjectDomainName'>WORKGROUP</Data><Data Name='SubjectLogonId'>0x3e7</Data><Data Name='TargetUserSid'>S-1-5-18</Data><Data Name='TargetUserName'>SYSTEM</Data><Data Name='TargetDomainName'>NT AUTHORITY</Data><Data Name='TargetLogonId'>0x3e7</Data><Data Name='LogonType'>5</Data><Data Name='LogonProcessName'>Advapi  </Data><Data Name='AuthenticationPackageName'>Negotiate</Data><Data Name='WorkstationName'>-</Data><Data Name='LogonGuid'>{00000000-0000-0000-0000-000000000000}</Data><Data Name='TransmittedServices'>-</Data><Data Name='LmPackageName'>-</Data><Data Name='KeyLength'>0</Data><Data Name='ProcessId'>0x2a8</Data><Data Name='ProcessName'>C:\Windows\System32\services.exe</Data><Data Name='IpAddress'>-</Data><Data Name='IpPort'>-</Data><Data Name='ImpersonationLevel'>%%1833</Data><Data Name='RestrictedAdminMode'>-</Data><Data Name='TargetOutboundUserName'>-</Data><Data Name='TargetOutboundDomainName'>-</Data><Data Name='VirtualAccount'>%%1843</Data><Data Name='TargetLinkedLogonId'>0x0</Data><Data Name='ElevatedToken'>%%1842</Data></EventData></Event><Event xmlns='http://schemas.microsoft.com/win/2004/08/events/event'><System><Provider Name='Microsoft-Windows-Security-Auditing' Guid='{54849625-5478-4994-a5ba-3e3b0328c30d}'/><EventID>4672</EventID><Version>0</Version><Level>0</Level><Task>12548</Task><Opcode>0</Opcode><Keywords>0x8020000000000000</Keywords><TimeCreated SystemTime='2020-05-18T06:29:14.029766400Z'/><EventRecordID>1730</EventRecordID><Correlation ActivityID='{3591cc69-2cda-0001-b1cc-9135da2cd601}'/><Execution ProcessID='700' ThreadID='744'/><Channel>Security</Channel><Computer>DESKTOP-P84STH6</Computer><Security/></System><EventData><Data Name='SubjectUserSid'>S-1-5-18</Data><Data Name='SubjectUserName'>SYSTEM</Data><Data Name='SubjectDomainName'>NT AUTHORITY</Data><Data Name='SubjectLogonId'>0x3e7</Data><Data Name='PrivilegeList'>SeAssignPrimaryTokenPrivilege
			SeTcbPrivilege
			SeSecurityPrivilege
			SeTakeOwnershipPrivilege
			SeLoadDriverPrivilege
			SeBackupPrivilege
			SeRestorePrivilege
			SeDebugPrivilege
			SeAuditPrivilege
			SeSystemEnvironmentPrivilege
			SeImpersonatePrivilege
			SeDelegateSessionUserImpersonatePrivilege</Data></EventData></Event><Event xmlns='http://schemas.microsoft.com/win/2004/08/events/event'><System><Provider Name='Microsoft-Windows-Security-Auditing' Guid='{54849625-5478-4994-a5ba-3e3b0328c30d}'/><EventID>4624</EventID><Version>2</Version><Level>0</Level><Task>12544</Task><Opcode>0</Opcode><Keywords>0x8020000000000000</Keywords><TimeCreated SystemTime='2020-05-18T06:29:14.029760100Z'/><EventRecordID>1729</EventRecordID><Correlation ActivityID='{3591cc69-2cda-0001-b1cc-9135da2cd601}'/><Execution ProcessID='700' ThreadID='744'/><Channel>Security</Channel><Computer>DESKTOP-P84STH6</Computer><Security/></System><EventData><Data Name='SubjectUserSid'>S-1-5-18</Data><Data Name='SubjectUserName'>DESKTOP-P84STH6$</Data><Data Name='SubjectDomainName'>WORKGROUP</Data><Data Name='SubjectLogonId'>0x3e7</Data><Data Name='TargetUserSid'>S-1-5-18</Data><Data Name='TargetUserName'>SYSTEM</Data><Data Name='TargetDomainName'>NT AUTHORITY</Data><Data Name='TargetLogonId'>0x3e7</Data><Data Name='LogonType'>5</Data><Data Name='LogonProcessName'>Advapi  </Data><Data Name='AuthenticationPackageName'>Negotiate</Data><Data Name='WorkstationName'>-</Data><Data Name='LogonGuid'>{00000000-0000-0000-0000-000000000000}</Data><Data Name='TransmittedServices'>-</Data><Data Name='LmPackageName'>-</Data><Data Name='KeyLength'>0</Data><Data Name='ProcessId'>0x2a8</Data><Data Name='ProcessName'>C:\Windows\System32\services.exe</Data><Data Name='IpAddress'>-</Data><Data Name='IpPort'>-</Data><Data Name='ImpersonationLevel'>%%1833</Data><Data Name='RestrictedAdminMode'>-</Data><Data Name='TargetOutboundUserName'>-</Data><Data Name='TargetOutboundDomainName'>-</Data><Data Name='VirtualAccount'>%%1843</Data><Data Name='TargetLinkedLogonId'>0x0</Data><Data Name='ElevatedToken'>%%1842</Data></EventData></Event><Event xmlns='http://schemas.microsoft.com/win/2004/08/events/event'><System><Provider Name='Microsoft-Windows-Security-Auditing' Guid='{54849625-5478-4994-a5ba-3e3b0328c30d}'/><EventID>4625</EventID><Version>0</Version><Level>0</Level><Task>12544</Task><Opcode>0</Opcode><Keywords>0x8010000000000000</Keywords><TimeCreated SystemTime='2020-05-18T06:22:23.377435600Z'/><EventRecordID>1728</EventRecordID><Correlation ActivityID='{3591cc69-2cda-0001-b1cc-9135da2cd601}'/><Execution ProcessID='700' ThreadID='6848'/><Channel>Security</Channel><Computer>DESKTOP-P84STH6</Computer><Security/></System><EventData><Data Name='SubjectUserSid'>S-1-5-21-223836497-1760142647-788189203-1001</Data><Data Name='SubjectUserName'>NS</Data><Data Name='SubjectDomainName'>DESKTOP-P84STH6</Data><Data Name='SubjectLogonId'>0x3fc9c</Data><Data Name='TargetUserSid'>S-1-0-0</Data><Data Name='TargetUserName'>NS</Data><Data Name='TargetDomainName'>DESKTOP-P84STH6</Data><Data Name='Status'>0xc000006e</Data><Data Name='FailureReason'>%%2313</Data><Data Name='SubStatus'>0xc000006e</Data><Data Name='LogonType'>2</Data><Data Name='LogonProcessName'>Advapi  </Data><Data Name='AuthenticationPackageName'>Negotiate</Data><Data Name='WorkstationName'>DESKTOP-P84STH6</Data><Data Name='TransmittedServices'>-</Data><Data Name='LmPackageName'>-</Data><Data Name='KeyLength'>0</Data><Data Name='ProcessId'>0x1890</Data><Data Name='ProcessName'>C:\Program Files (x86)\Google\Chrome\Application\chrome.exe</Data><Data Name='IpAddress'>-</Data><Data Name='IpPort'>-</Data></EventData></Event><Event xmlns='http://schemas.microsoft.com/win/2004/08/events/event'><System><Provider Name='Microsoft-Windows-Security-Auditing' Guid='{54849625-5478-4994-a5ba-3e3b0328c30d}'/><EventID>4798</EventID><Version>0</Version><Level>0</Level><Task>13824</Task><Opcode>0</Opcode><Keywords>0x8020000000000000</Keywords><TimeCreated SystemTime='2020-05-18T06:22:23.376449200Z'/><EventRecordID>1727</EventRecordID><Correlation ActivityID='{3591cc69-2cda-0001-b1cc-9135da2cd601}'/><Execution ProcessID='700' ThreadID='6848'/><Channel>Security</Channel><Computer>DESKTOP-P84STH6</Computer><Security/></System><EventData><Data Name='TargetUserName'>NS</Data><Data Name='TargetDomainName'>DESKTOP-P84STH6</Data><Data Name='TargetSid'>S-1-5-21-223836497-1760142647-788189203-1001</Data><Data Name='SubjectUserSid'>S-1-5-21-223836497-1760142647-788189203-1001</Data><Data Name='SubjectUserName'>NS</Data><Data Name='SubjectDomainName'>DESKTOP-P84STH6</Data><Data Name='SubjectLogonId'>0x3fc9c</Data><Data Name='CallerProcessId'>0x1890</Data><Data Name='CallerProcessName'>C:\Program Files (x86)\Google\Chrome\Application\chrome.exe</Data></EventData></Event><Event xmlns='http://schemas.microsoft.com/win/2004/08/events/event'><System><Provider Name='Microsoft-Windows-Security-Auditing' Guid='{54849625-5478-4994-a5ba-3e3b0328c30d}'/><EventID>4672</EventID><Version>0</Version><Level>0</Level><Task>12548</Task><Opcode>0</Opcode><Keywords>0x8020000000000000</Keywords><TimeCreated SystemTime='2020-05-18T06:20:07.727445400Z'/><EventRecordID>1726</EventRecordID><Correlation ActivityID='{3591cc69-2cda-0001-b1cc-9135da2cd601}'/><Execution ProcessID='700' ThreadID='744'/><Channel>Security</Channel><Computer>DESKTOP-P84STH6</Computer><Security/></System><EventData><Data Name='SubjectUserSid'>S-1-5-18</Data><Data Name='SubjectUserName'>SYSTEM</Data><Data Name='SubjectDomainName'>NT AUTHORITY</Data><Data Name='SubjectLogonId'>0x3e7</Data><Data Name='PrivilegeList'>SeAssignPrimaryTokenPrivilege
			SeTcbPrivilege
			SeSecurityPrivilege
			SeTakeOwnershipPrivilege
			SeLoadDriverPrivilege
			SeBackupPrivilege
			SeRestorePrivilege
			SeDebugPrivilege
			SeAuditPrivilege
			SeSystemEnvironmentPrivilege
			SeImpersonatePrivilege
			SeDelegateSessionUserImpersonatePrivilege</Data></EventData></Event><Event xmlns='http://schemas.microsoft.com/win/2004/08/events/event'><System><Provider Name='Microsoft-Windows-Security-Auditing' Guid='{54849625-5478-4994-a5ba-3e3b0328c30d}'/><EventID>4624</EventID><Version>2</Version><Level>0</Level><Task>12544</Task><Opcode>0</Opcode><Keywords>0x8020000000000000</Keywords><TimeCreated SystemTime='2020-05-18T06:20:07.727439000Z'/><EventRecordID>1725</EventRecordID><Correlation ActivityID='{3591cc69-2cda-0001-b1cc-9135da2cd601}'/><Execution ProcessID='700' ThreadID='744'/><Channel>Security</Channel><Computer>DESKTOP-P84STH6</Computer><Security/></System><EventData><Data Name='SubjectUserSid'>S-1-5-18</Data><Data Name='SubjectUserName'>DESKTOP-P84STH6$</Data><Data Name='SubjectDomainName'>WORKGROUP</Data><Data Name='SubjectLogonId'>0x3e7</Data><Data Name='TargetUserSid'>S-1-5-18</Data><Data Name='TargetUserName'>SYSTEM</Data><Data Name='TargetDomainName'>NT AUTHORITY</Data><Data Name='TargetLogonId'>0x3e7</Data><Data Name='LogonType'>5</Data><Data Name='LogonProcessName'>Advapi  </Data><Data Name='AuthenticationPackageName'>Negotiate</Data><Data Name='WorkstationName'>-</Data><Data Name='LogonGuid'>{00000000-0000-0000-0000-000000000000}</Data><Data Name='TransmittedServices'>-</Data><Data Name='LmPackageName'>-</Data><Data Name='KeyLength'>0</Data><Data Name='ProcessId'>0x2a8</Data><Data Name='ProcessName'>C:\Windows\System32\services.exe</Data><Data Name='IpAddress'>-</Data><Data Name='IpPort'>-</Data><Data Name='ImpersonationLevel'>%%1833</Data><Data Name='RestrictedAdminMode'>-</Data><Data Name='TargetOutboundUserName'>-</Data><Data Name='TargetOutboundDomainName'>-</Data><Data Name='VirtualAccount'>%%1843</Data><Data Name='TargetLinkedLogonId'>0x0</Data><Data Name='ElevatedToken'>%%1842</Data></EventData></Event></Events>