﻿<?xml version="1.0" encoding="utf-8" standalone="yes"?>
<Events><Event xmlns='http://schemas.microsoft.com/win/2004/08/events/event'><System><Provider Name='Microsoft-Windows-Security-Auditing' Guid='{54849625-5478-4994-a5ba-3e3b0328c30d}'/><EventID>4672</EventID><Version>0</Version><Level>0</Level><Task>12548</Task><Opcode>0</Opcode><Keywords>0x8020000000000000</Keywords><TimeCreated SystemTime='2020-05-18T07:24:02.323080800Z'/><EventRecordID>1712</EventRecordID><Correlation ActivityID='{7eccaef9-2cd8-0000-01b0-cc7ed82cd601}'/><Execution ProcessID='564' ThreadID='928'/><Channel>Security</Channel><Computer>DESKTOP-P84STH6</Computer><Security/></System><EventData><Data Name='SubjectUserSid'>S-1-5-18</Data><Data Name='SubjectUserName'>SYSTEM</Data><Data Name='SubjectDomainName'>NT AUTHORITY</Data><Data Name='SubjectLogonId'>0x3e7</Data><Data Name='PrivilegeList'>SeAssignPrimaryTokenPrivilege
			SeTcbPrivilege
			SeSecurityPrivilege
			SeTakeOwnershipPrivilege
			SeLoadDriverPrivilege
			SeBackupPrivilege
			SeRestorePrivilege
			SeDebugPrivilege
			SeAuditPrivilege
			SeSystemEnvironmentPrivilege
			SeImpersonatePrivilege
			SeDelegateSessionUserImpersonatePrivilege</Data></EventData></Event><Event xmlns='http://schemas.microsoft.com/win/2004/08/events/event'><System><Provider Name='Microsoft-Windows-Security-Auditing' Guid='{54849625-5478-4994-a5ba-3e3b0328c30d}'/><EventID>4624</EventID><Version>2</Version><Level>0</Level><Task>12544</Task><Opcode>0</Opcode><Keywords>0x8020000000000000</Keywords><TimeCreated SystemTime='2020-05-18T07:24:02.323073400Z'/><EventRecordID>1711</EventRecordID><Correlation ActivityID='{7eccaef9-2cd8-0000-01b0-cc7ed82cd601}'/><Execution ProcessID='564' ThreadID='928'/><Channel>Security</Channel><Computer>DESKTOP-P84STH6</Computer><Security/></System><EventData><Data Name='SubjectUserSid'>S-1-5-18</Data><Data Name='SubjectUserName'>DESKTOP-P84STH6$</Data><Data Name='SubjectDomainName'>WORKGROUP</Data><Data Name='SubjectLogonId'>0x3e7</Data><Data Name='TargetUserSid'>S-1-5-18</Data><Data Name='TargetUserName'>SYSTEM</Data><Data Name='TargetDomainName'>NT AUTHORITY</Data><Data Name='TargetLogonId'>0x3e7</Data><Data Name='LogonType'>5</Data><Data Name='LogonProcessName'>Advapi  </Data><Data Name='AuthenticationPackageName'>Negotiate</Data><Data Name='WorkstationName'>-</Data><Data Name='LogonGuid'>{00000000-0000-0000-0000-000000000000}</Data><Data Name='TransmittedServices'>-</Data><Data Name='LmPackageName'>-</Data><Data Name='KeyLength'>0</Data><Data Name='ProcessId'>0x22c</Data><Data Name='ProcessName'>C:\Windows\System32\services.exe</Data><Data Name='IpAddress'>-</Data><Data Name='IpPort'>-</Data><Data Name='ImpersonationLevel'>%%1833</Data><Data Name='RestrictedAdminMode'>-</Data><Data Name='TargetOutboundUserName'>-</Data><Data Name='TargetOutboundDomainName'>-</Data><Data Name='VirtualAccount'>%%1843</Data><Data Name='TargetLinkedLogonId'>0x0</Data><Data Name='ElevatedToken'>%%1842</Data></EventData></Event><Event xmlns='http://schemas.microsoft.com/win/2004/08/events/event'><System><Provider Name='Microsoft-Windows-Security-Auditing' Guid='{54849625-5478-4994-a5ba-3e3b0328c30d}'/><EventID>4672</EventID><Version>0</Version><Level>0</Level><Task>12548</Task><Opcode>0</Opcode><Keywords>0x8020000000000000</Keywords><TimeCreated SystemTime='2020-05-18T07:24:01.630480600Z'/><EventRecordID>1710</EventRecordID><Correlation ActivityID='{7eccaef9-2cd8-0000-01b0-cc7ed82cd601}'/><Execution ProcessID='564' ThreadID='928'/><Channel>Security</Channel><Computer>DESKTOP-P84STH6</Computer><Security/></System><EventData><Data Name='SubjectUserSid'>S-1-5-18</Data><Data Name='SubjectUserName'>SYSTEM</Data><Data Name='SubjectDomainName'>NT AUTHORITY</Data><Data Name='SubjectLogonId'>0x3e7</Data><Data Name='PrivilegeList'>SeAssignPrimaryTokenPrivilege
			SeTcbPrivilege
			SeSecurityPrivilege
			SeTakeOwnershipPrivilege
			SeLoadDriverPrivilege
			SeBackupPrivilege
			SeRestorePrivilege
			SeDebugPrivilege
			SeAuditPrivilege
			SeSystemEnvironmentPrivilege
			SeImpersonatePrivilege
			SeDelegateSessionUserImpersonatePrivilege</Data></EventData></Event><Event xmlns='http://schemas.microsoft.com/win/2004/08/events/event'><System><Provider Name='Microsoft-Windows-Security-Auditing' Guid='{54849625-5478-4994-a5ba-3e3b0328c30d}'/><EventID>4624</EventID><Version>2</Version><Level>0</Level><Task>12544</Task><Opcode>0</Opcode><Keywords>0x8020000000000000</Keywords><TimeCreated SystemTime='2020-05-18T07:24:01.630471100Z'/><EventRecordID>1709</EventRecordID><Correlation ActivityID='{7eccaef9-2cd8-0000-01b0-cc7ed82cd601}'/><Execution ProcessID='564' ThreadID='928'/><Channel>Security</Channel><Computer>DESKTOP-P84STH6</Computer><Security/></System><EventData><Data Name='SubjectUserSid'>S-1-5-18</Data><Data Name='SubjectUserName'>DESKTOP-P84STH6$</Data><Data Name='SubjectDomainName'>WORKGROUP</Data><Data Name='SubjectLogonId'>0x3e7</Data><Data Name='TargetUserSid'>S-1-5-18</Data><Data Name='TargetUserName'>SYSTEM</Data><Data Name='TargetDomainName'>NT AUTHORITY</Data><Data Name='TargetLogonId'>0x3e7</Data><Data Name='LogonType'>5</Data><Data Name='LogonProcessName'>Advapi  </Data><Data Name='AuthenticationPackageName'>Negotiate</Data><Data Name='WorkstationName'>-</Data><Data Name='LogonGuid'>{00000000-0000-0000-0000-000000000000}</Data><Data Name='TransmittedServices'>-</Data><Data Name='LmPackageName'>-</Data><Data Name='KeyLength'>0</Data><Data Name='ProcessId'>0x22c</Data><Data Name='ProcessName'>C:\Windows\System32\services.exe</Data><Data Name='IpAddress'>-</Data><Data Name='IpPort'>-</Data><Data Name='ImpersonationLevel'>%%1833</Data><Data Name='RestrictedAdminMode'>-</Data><Data Name='TargetOutboundUserName'>-</Data><Data Name='TargetOutboundDomainName'>-</Data><Data Name='VirtualAccount'>%%1843</Data><Data Name='TargetLinkedLogonId'>0x0</Data><Data Name='ElevatedToken'>%%1842</Data></EventData></Event><Event xmlns='http://schemas.microsoft.com/win/2004/08/events/event'><System><Provider Name='Microsoft-Windows-Security-Auditing' Guid='{54849625-5478-4994-a5ba-3e3b0328c30d}'/><EventID>4672</EventID><Version>0</Version><Level>0</Level><Task>12548</Task><Opcode>0</Opcode><Keywords>0x8020000000000000</Keywords><TimeCreated SystemTime='2020-05-18T07:21:01.231166400Z'/><EventRecordID>1708</EventRecordID><Correlation ActivityID='{7eccaef9-2cd8-0000-01b0-cc7ed82cd601}'/><Execution ProcessID='564' ThreadID='1532'/><Channel>Security</Channel><Computer>DESKTOP-P84STH6</Computer><Security/></System><EventData><Data Name='SubjectUserSid'>S-1-5-18</Data><Data Name='SubjectUserName'>SYSTEM</Data><Data Name='SubjectDomainName'>NT AUTHORITY</Data><Data Name='SubjectLogonId'>0x3e7</Data><Data Name='PrivilegeList'>SeAssignPrimaryTokenPrivilege
			SeTcbPrivilege
			SeSecurityPrivilege
			SeTakeOwnershipPrivilege
			SeLoadDriverPrivilege
			SeBackupPrivilege
			SeRestorePrivilege
			SeDebugPrivilege
			SeAuditPrivilege
			SeSystemEnvironmentPrivilege
			SeImpersonatePrivilege
			SeDelegateSessionUserImpersonatePrivilege</Data></EventData></Event><Event xmlns='http://schemas.microsoft.com/win/2004/08/events/event'><System><Provider Name='Microsoft-Windows-Security-Auditing' Guid='{54849625-5478-4994-a5ba-3e3b0328c30d}'/><EventID>4624</EventID><Version>2</Version><Level>0</Level><Task>12544</Task><Opcode>0</Opcode><Keywords>0x8020000000000000</Keywords><TimeCreated SystemTime='2020-05-18T07:21:01.231156400Z'/><EventRecordID>1707</EventRecordID><Correlation ActivityID='{7eccaef9-2cd8-0000-01b0-cc7ed82cd601}'/><Execution ProcessID='564' ThreadID='1532'/><Channel>Security</Channel><Computer>DESKTOP-P84STH6</Computer><Security/></System><EventData><Data Name='SubjectUserSid'>S-1-5-18</Data><Data Name='SubjectUserName'>DESKTOP-P84STH6$</Data><Data Name='SubjectDomainName'>WORKGROUP</Data><Data Name='SubjectLogonId'>0x3e7</Data><Data Name='TargetUserSid'>S-1-5-18</Data><Data Name='TargetUserName'>SYSTEM</Data><Data Name='TargetDomainName'>NT AUTHORITY</Data><Data Name='TargetLogonId'>0x3e7</Data><Data Name='LogonType'>5</Data><Data Name='LogonProcessName'>Advapi  </Data><Data Name='AuthenticationPackageName'>Negotiate</Data><Data Name='WorkstationName'>-</Data><Data Name='LogonGuid'>{00000000-0000-0000-0000-000000000000}</Data><Data Name='TransmittedServices'>-</Data><Data Name='LmPackageName'>-</Data><Data Name='KeyLength'>0</Data><Data Name='ProcessId'>0x22c</Data><Data Name='ProcessName'>C:\Windows\System32\services.exe</Data><Data Name='IpAddress'>-</Data><Data Name='IpPort'>-</Data><Data Name='ImpersonationLevel'>%%1833</Data><Data Name='RestrictedAdminMode'>-</Data><Data Name='TargetOutboundUserName'>-</Data><Data Name='TargetOutboundDomainName'>-</Data><Data Name='VirtualAccount'>%%1843</Data><Data Name='TargetLinkedLogonId'>0x0</Data><Data Name='ElevatedToken'>%%1842</Data></EventData></Event><Event xmlns='http://schemas.microsoft.com/win/2004/08/events/event'><System><Provider Name='Microsoft-Windows-Security-Auditing' Guid='{54849625-5478-4994-a5ba-3e3b0328c30d}'/><EventID>4616</EventID><Version>1</Version><Level>0</Level><Task>12288</Task><Opcode>0</Opcode><Keywords>0x8020000000000000</Keywords><TimeCreated SystemTime='2020-05-18T07:13:11.790657800Z'/><EventRecordID>1706</EventRecordID><Correlation/><Execution ProcessID='4' ThreadID='1116'/><Channel>Security</Channel><Computer>DESKTOP-P84STH6</Computer><Security/></System><EventData><Data Name='SubjectUserSid'>S-1-5-19</Data><Data Name='SubjectUserName'>LOCAL SERVICE</Data><Data Name='SubjectDomainName'>NT AUTHORITY</Data><Data Name='SubjectLogonId'>0x3e5</Data><Data Name='PreviousTime'>2020-05-18T07:13:11.787406700Z</Data><Data Name='NewTime'>2020-05-18T07:13:11.786032300Z</Data><Data Name='ProcessId'>0x23c</Data><Data Name='ProcessName'>C:\Windows\System32\svchost.exe</Data></EventData></Event><Event xmlns='http://schemas.microsoft.com/win/2004/08/events/event'><System><Provider Name='Microsoft-Windows-Security-Auditing' Guid='{54849625-5478-4994-a5ba-3e3b0328c30d}'/><EventID>5379</EventID><Version>0</Version><Level>0</Level><Task>13824</Task><Opcode>0</Opcode><Keywords>0x8020000000000000</Keywords><TimeCreated SystemTime='2020-05-18T07:12:59.171995100Z'/><EventRecordID>1705</EventRecordID><Correlation ActivityID='{7eccaef9-2cd8-0000-01b0-cc7ed82cd601}'/><Execution ProcessID='564' ThreadID='6152'/><Channel>Security</Channel><Computer>DESKTOP-P84STH6</Computer><Security/></System><EventData><Data Name='SubjectUserSid'>S-1-5-18</Data><Data Name='SubjectUserName'>DESKTOP-P84STH6$</Data><Data Name='SubjectDomainName'>WORKGROUP</Data><Data Name='SubjectLogonId'>0x3e7</Data><Data Name='TargetName'>MicrosoftAccount:user=02seplqqxjnciqzh</Data><Data Name='Type'>0</Data><Data Name='CountOfCredentialsReturned'>0</Data><Data Name='ReadOperation'>%%8100</Data><Data Name='ReturnCode'>3221226021</Data><Data Name='ProcessCreationTime'>2020-05-18T05:52:26.938188300Z</Data><Data Name='ClientProcessId'>264</Data></EventData></Event><Event xmlns='http://schemas.microsoft.com/win/2004/08/events/event'><System><Provider Name='Microsoft-Windows-Security-Auditing' Guid='{54849625-5478-4994-a5ba-3e3b0328c30d}'/><EventID>5379</EventID><Version>0</Version><Level>0</Level><Task>13824</Task><Opcode>0</Opcode><Keywords>0x8020000000000000</Keywords><TimeCreated SystemTime='2020-05-18T07:12:49.762807900Z'/><EventRecordID>1704</EventRecordID><Correlation ActivityID='{7eccaef9-2cd8-0000-01b0-cc7ed82cd601}'/><Execution ProcessID='564' ThreadID='6152'/><Channel>Security</Channel><Computer>DESKTOP-P84STH6</Computer><Security/></System><EventData><Data Name='SubjectUserSid'>S-1-5-21-223836497-1760142647-788189203-1001</Data><Data Name='SubjectUserName'>NS</Data><Data Name='SubjectDomainName'>DESKTOP-P84STH6</Data><Data Name='SubjectLogonId'>0x30f71</Data><Data Name='TargetName'>WindowsLive:target=virtualapp/didlogical</Data><Data Name='Type'>0</Data><Data Name='CountOfCredentialsReturned'>1</Data><Data Name='ReadOperation'>%%8100</Data><Data Name='ReturnCode'>0</Data><Data Name='ProcessCreationTime'>2020-05-18T05:52:26.938188300Z</Data><Data Name='ClientProcessId'>264</Data></EventData></Event><Event xmlns='http://schemas.microsoft.com/win/2004/08/events/event'><System><Provider Name='Microsoft-Windows-Security-Auditing' Guid='{54849625-5478-4994-a5ba-3e3b0328c30d}'/><EventID>5379</EventID><Version>0</Version><Level>0</Level><Task>13824</Task><Opcode>0</Opcode><Keywords>0x8020000000000000</Keywords><TimeCreated SystemTime='2020-05-18T07:12:49.762574300Z'/><EventRecordID>1703</EventRecordID><Correlation ActivityID='{7eccaef9-2cd8-0000-01b0-cc7ed82cd601}'/><Execution ProcessID='564' ThreadID='6152'/><Channel>Security</Channel><Computer>DESKTOP-P84STH6</Computer><Security/></System><EventData><Data Name='SubjectUserSid'>S-1-5-21-223836497-1760142647-788189203-1001</Data><Data Name='SubjectUserName'>NS</Data><Data Name='SubjectDomainName'>DESKTOP-P84STH6</Data><Data Name='SubjectLogonId'>0x30f71</Data><Data Name='TargetName'>WindowsLive:(cert):name=02flltvfsrqcinsh;serviceuri=*</Data><Data Name='Type'>0</Data><Data Name='CountOfCredentialsReturned'>0</Data><Data Name='ReadOperation'>%%8100</Data><Data Name='ReturnCode'>3221226021</Data><Data Name='ProcessCreationTime'>2020-05-18T05:52:26.938188300Z</Data><Data Name='ClientProcessId'>264</Data></EventData></Event><Event xmlns='http://schemas.microsoft.com/win/2004/08/events/event'><System><Provider Name='Microsoft-Windows-Security-Auditing' Guid='{54849625-5478-4994-a5ba-3e3b0328c30d}'/><EventID>5379</EventID><Version>0</Version><Level>0</Level><Task>13824</Task><Opcode>0</Opcode><Keywords>0x8020000000000000</Keywords><TimeCreated SystemTime='2020-05-18T07:12:49.762076600Z'/><EventRecordID>1702</EventRecordID><Correlation ActivityID='{7eccaef9-2cd8-0000-01b0-cc7ed82cd601}'/><Execution ProcessID='564' ThreadID='6152'/><Channel>Security</Channel><Computer>DESKTOP-P84STH6</Computer><Security/></System><EventData><Data Name='SubjectUserSid'>S-1-5-21-223836497-1760142647-788189203-1001</Data><Data Name='SubjectUserName'>NS</Data><Data Name='SubjectDomainName'>DESKTOP-P84STH6</Data><Data Name='SubjectLogonId'>0x30f71</Data><Data Name='TargetName'>WindowsLive:(token):name=02flltvfsrqcinsh;serviceuri=*</Data><Data Name='Type'>0</Data><Data Name='CountOfCredentialsReturned'>0</Data><Data Name='ReadOperation'>%%8100</Data><Data Name='ReturnCode'>3221226021</Data><Data Name='ProcessCreationTime'>2020-05-18T05:52:26.938188300Z</Data><Data Name='ClientProcessId'>264</Data></EventData></Event><Event xmlns='http://schemas.microsoft.com/win/2004/08/events/event'><System><Provider Name='Microsoft-Windows-Security-Auditing' Guid='{54849625-5478-4994-a5ba-3e3b0328c30d}'/><EventID>5379</EventID><Version>0</Version><Level>0</Level><Task>13824</Task><Opcode>0</Opcode><Keywords>0x8020000000000000</Keywords><TimeCreated SystemTime='2020-05-18T07:12:49.726110600Z'/><EventRecordID>1701</EventRecordID><Correlation ActivityID='{7eccaef9-2cd8-0000-01b0-cc7ed82cd601}'/><Execution ProcessID='564' ThreadID='1532'/><Channel>Security</Channel><Computer>DESKTOP-P84STH6</Computer><Security/></System><EventData><Data Name='SubjectUserSid'>S-1-5-18</Data><Data Name='SubjectUserName'>DESKTOP-P84STH6$</Data><Data Name='SubjectDomainName'>WORKGROUP</Data><Data Name='SubjectLogonId'>0x3e7</Data><Data Name='TargetName'>WindowsLive:(cert):name=02seplqqxjnciqzh;serviceuri=*</Data><Data Name='Type'>0</Data><Data Name='CountOfCredentialsReturned'>0</Data><Data Name='ReadOperation'>%%8100</Data><Data Name='ReturnCode'>3221226021</Data><Data Name='ProcessCreationTime'>2020-05-18T05:52:26.938188300Z</Data><Data Name='ClientProcessId'>264</Data></EventData></Event><Event xmlns='http://schemas.microsoft.com/win/2004/08/events/event'><System><Provider Name='Microsoft-Windows-Security-Auditing' Guid='{54849625-5478-4994-a5ba-3e3b0328c30d}'/><EventID>5379</EventID><Version>0</Version><Level>0</Level><Task>13824</Task><Opcode>0</Opcode><Keywords>0x8020000000000000</Keywords><TimeCreated SystemTime='2020-05-18T07:12:49.725509200Z'/><EventRecordID>1700</EventRecordID><Correlation ActivityID='{7eccaef9-2cd8-0000-01b0-cc7ed82cd601}'/><Execution ProcessID='564' ThreadID='1532'/><Channel>Security</Channel><Computer>DESKTOP-P84STH6</Computer><Security/></System><EventData><Data Name='SubjectUserSid'>S-1-5-18</Data><Data Name='SubjectUserName'>DESKTOP-P84STH6$</Data><Data Name='SubjectDomainName'>WORKGROUP</Data><Data Name='SubjectLogonId'>0x3e7</Data><Data Name='TargetName'>WindowsLive:(token):name=02seplqqxjnciqzh;serviceuri=*</Data><Data Name='Type'>0</Data><Data Name='CountOfCredentialsReturned'>0</Data><Data Name='ReadOperation'>%%8100</Data><Data Name='ReturnCode'>3221226021</Data><Data Name='ProcessCreationTime'>2020-05-18T05:52:26.938188300Z</Data><Data Name='ClientProcessId'>264</Data></EventData></Event><Event xmlns='http://schemas.microsoft.com/win/2004/08/events/event'><System><Provider Name='Microsoft-Windows-Security-Auditing' Guid='{54849625-5478-4994-a5ba-3e3b0328c30d}'/><EventID>5379</EventID><Version>0</Version><Level>0</Level><Task>13824</Task><Opcode>0</Opcode><Keywords>0x8020000000000000</Keywords><TimeCreated SystemTime='2020-05-18T07:12:49.725220700Z'/><EventRecordID>1699</EventRecordID><Correlation ActivityID='{7eccaef9-2cd8-0000-01b0-cc7ed82cd601}'/><Execution ProcessID='564' ThreadID='1532'/><Channel>Security</Channel><Computer>DESKTOP-P84STH6</Computer><Security/></System><EventData><Data Name='SubjectUserSid'>S-1-5-18</Data><Data Name='SubjectUserName'>DESKTOP-P84STH6$</Data><Data Name='SubjectDomainName'>WORKGROUP</Data><Data Name='SubjectLogonId'>0x3e7</Data><Data Name='TargetName'>MicrosoftAccount:user=02seplqqxjnciqzh</Data><Data Name='Type'>0</Data><Data Name='CountOfCredentialsReturned'>0</Data><Data Name='ReadOperation'>%%8100</Data><Data Name='ReturnCode'>3221226021</Data><Data Name='ProcessCreationTime'>2020-05-18T05:52:26.938188300Z</Data><Data Name='ClientProcessId'>264</Data></EventData></Event><Event xmlns='http://schemas.microsoft.com/win/2004/08/events/event'><System><Provider Name='Microsoft-Windows-Security-Auditing' Guid='{54849625-5478-4994-a5ba-3e3b0328c30d}'/><EventID>5379</EventID><Version>0</Version><Level>0</Level><Task>13824</Task><Opcode>0</Opcode><Keywords>0x8020000000000000</Keywords><TimeCreated SystemTime='2020-05-18T07:12:49.719788300Z'/><EventRecordID>1698</EventRecordID><Correlation ActivityID='{7eccaef9-2cd8-0000-01b0-cc7ed82cd601}'/><Execution ProcessID='564' ThreadID='3404'/><Channel>Security</Channel><Computer>DESKTOP-P84STH6</Computer><Security/></System><EventData><Data Name='SubjectUserSid'>S-1-5-18</Data><Data Name='SubjectUserName'>DESKTOP-P84STH6$</Data><Data Name='SubjectDomainName'>WORKGROUP</Data><Data Name='SubjectLogonId'>0x3e7</Data><Data Name='TargetName'>WindowsLive:target=virtualapp/didlogical</Data><Data Name='Type'>0</Data><Data Name='CountOfCredentialsReturned'>1</Data><Data Name='ReadOperation'>%%8100</Data><Data Name='ReturnCode'>0</Data><Data Name='ProcessCreationTime'>2020-05-18T05:52:26.938188300Z</Data><Data Name='ClientProcessId'>264</Data></EventData></Event><Event xmlns='http://schemas.microsoft.com/win/2004/08/events/event'><System><Provider Name='Microsoft-Windows-Security-Auditing' Guid='{54849625-5478-4994-a5ba-3e3b0328c30d}'/><EventID>5379</EventID><Version>0</Version><Level>0</Level><Task>13824</Task><Opcode>0</Opcode><Keywords>0x8020000000000000</Keywords><TimeCreated SystemTime='2020-05-18T07:12:49.719569000Z'/><EventRecordID>1697</EventRecordID><Correlation ActivityID='{7eccaef9-2cd8-0000-01b0-cc7ed82cd601}'/><Execution ProcessID='564' ThreadID='3404'/><Channel>Security</Channel><Computer>DESKTOP-P84STH6</Computer><Security/></System><EventData><Data Name='SubjectUserSid'>S-1-5-18</Data><Data Name='SubjectUserName'>DESKTOP-P84STH6$</Data><Data Name='SubjectDomainName'>WORKGROUP</Data><Data Name='SubjectLogonId'>0x3e7</Data><Data Name='TargetName'>WindowsLive:(cert):name=02seplqqxjnciqzh;serviceuri=*</Data><Data Name='Type'>0</Data><Data Name='CountOfCredentialsReturned'>0</Data><Data Name='ReadOperation'>%%8100</Data><Data Name='ReturnCode'>3221226021</Data><Data Name='ProcessCreationTime'>2020-05-18T05:52:26.938188300Z</Data><Data Name='ClientProcessId'>264</Data></EventData></Event><Event xmlns='http://schemas.microsoft.com/win/2004/08/events/event'><System><Provider Name='Microsoft-Windows-Security-Auditing' Guid='{54849625-5478-4994-a5ba-3e3b0328c30d}'/><EventID>5379</EventID><Version>0</Version><Level>0</Level><Task>13824</Task><Opcode>0</Opcode><Keywords>0x8020000000000000</Keywords><TimeCreated SystemTime='2020-05-18T07:12:49.719155000Z'/><EventRecordID>1696</EventRecordID><Correlation ActivityID='{7eccaef9-2cd8-0000-01b0-cc7ed82cd601}'/><Execution ProcessID='564' ThreadID='3404'/><Channel>Security</Channel><Computer>DESKTOP-P84STH6</Computer><Security/></System><EventData><Data Name='SubjectUserSid'>S-1-5-18</Data><Data Name='SubjectUserName'>DESKTOP-P84STH6$</Data><Data Name='SubjectDomainName'>WORKGROUP</Data><Data Name='SubjectLogonId'>0x3e7</Data><Data Name='TargetName'>WindowsLive:(token):name=02seplqqxjnciqzh;serviceuri=*</Data><Data Name='Type'>0</Data><Data Name='CountOfCredentialsReturned'>0</Data><Data Name='ReadOperation'>%%8100</Data><Data Name='ReturnCode'>3221226021</Data><Data Name='ProcessCreationTime'>2020-05-18T05:52:26.938188300Z</Data><Data Name='ClientProcessId'>264</Data></EventData></Event><Event xmlns='http://schemas.microsoft.com/win/2004/08/events/event'><System><Provider Name='Microsoft-Windows-Security-Auditing' Guid='{54849625-5478-4994-a5ba-3e3b0328c30d}'/><EventID>4672</EventID><Version>0</Version><Level>0</Level><Task>12548</Task><Opcode>0</Opcode><Keywords>0x8020000000000000</Keywords><TimeCreated SystemTime='2020-05-18T07:12:26.169458000Z'/><EventRecordID>1695</EventRecordID><Correlation ActivityID='{7eccaef9-2cd8-0000-01b0-cc7ed82cd601}'/><Execution ProcessID='564' ThreadID='1592'/><Channel>Security</Channel><Computer>DESKTOP-P84STH6</Computer><Security/></System><EventData><Data Name='SubjectUserSid'>S-1-5-18</Data><Data Name='SubjectUserName'>SYSTEM</Data><Data Name='SubjectDomainName'>NT AUTHORITY</Data><Data Name='SubjectLogonId'>0x3e7</Data><Data Name='PrivilegeList'>SeAssignPrimaryTokenPrivilege
			SeTcbPrivilege
			SeSecurityPrivilege
			SeTakeOwnershipPrivilege
			SeLoadDriverPrivilege
			SeBackupPrivilege
			SeRestorePrivilege
			SeDebugPrivilege
			SeAuditPrivilege
			SeSystemEnvironmentPrivilege
			SeImpersonatePrivilege
			SeDelegateSessionUserImpersonatePrivilege</Data></EventData></Event><Event xmlns='http://schemas.microsoft.com/win/2004/08/events/event'><System><Provider Name='Microsoft-Windows-Security-Auditing' Guid='{54849625-5478-4994-a5ba-3e3b0328c30d}'/><EventID>4624</EventID><Version>2</Version><Level>0</Level><Task>12544</Task><Opcode>0</Opcode><Keywords>0x8020000000000000</Keywords><TimeCreated SystemTime='2020-05-18T07:12:26.169450400Z'/><EventRecordID>1694</EventRecordID><Correlation ActivityID='{7eccaef9-2cd8-0000-01b0-cc7ed82cd601}'/><Execution ProcessID='564' ThreadID='1592'/><Channel>Security</Channel><Computer>DESKTOP-P84STH6</Computer><Security/></System><EventData><Data Name='SubjectUserSid'>S-1-5-18</Data><Data Name='SubjectUserName'>DESKTOP-P84STH6$</Data><Data Name='SubjectDomainName'>WORKGROUP</Data><Data Name='SubjectLogonId'>0x3e7</Data><Data Name='TargetUserSid'>S-1-5-18</Data><Data Name='TargetUserName'>SYSTEM</Data><Data Name='TargetDomainName'>NT AUTHORITY</Data><Data Name='TargetLogonId'>0x3e7</Data><Data Name='LogonType'>5</Data><Data Name='LogonProcessName'>Advapi  </Data><Data Name='AuthenticationPackageName'>Negotiate</Data><Data Name='WorkstationName'>-</Data><Data Name='LogonGuid'>{00000000-0000-0000-0000-000000000000}</Data><Data Name='TransmittedServices'>-</Data><Data Name='LmPackageName'>-</Data><Data Name='KeyLength'>0</Data><Data Name='ProcessId'>0x22c</Data><Data Name='ProcessName'>C:\Windows\System32\services.exe</Data><Data Name='IpAddress'>-</Data><Data Name='IpPort'>-</Data><Data Name='ImpersonationLevel'>%%1833</Data><Data Name='RestrictedAdminMode'>-</Data><Data Name='TargetOutboundUserName'>-</Data><Data Name='TargetOutboundDomainName'>-</Data><Data Name='VirtualAccount'>%%1843</Data><Data Name='TargetLinkedLogonId'>0x0</Data><Data Name='ElevatedToken'>%%1842</Data></EventData></Event><Event xmlns='http://schemas.microsoft.com/win/2004/08/events/event'><System><Provider Name='Microsoft-Windows-Security-Auditing' Guid='{54849625-5478-4994-a5ba-3e3b0328c30d}'/><EventID>4907</EventID><Version>0</Version><Level>0</Level><Task>13568</Task><Opcode>0</Opcode><Keywords>0x8020000000000000</Keywords><TimeCreated SystemTime='2020-05-18T07:12:06.919439600Z'/><EventRecordID>1693</EventRecordID><Correlation/><Execution ProcessID='4' ThreadID='196'/><Channel>Security</Channel><Computer>DESKTOP-P84STH6</Computer><Security/></System><EventData><Data Name='SubjectUserSid'>S-1-5-21-223836497-1760142647-788189203-1001</Data><Data Name='SubjectUserName'>NS</Data><Data Name='SubjectDomainName'>DESKTOP-P84STH6</Data><Data Name='SubjectLogonId'>0x30f2e</Data><Data Name='ObjectServer'>Security</Data><Data Name='ObjectType'>File</Data><Data Name='ObjectName'>C:\Users\NS\AppData\Local\Temp\winre\ExtractedFromWim</Data><Data Name='HandleId'>0x47c</Data><Data Name='OldSd'></Data><Data Name='NewSd'>S:ARAI(AU;SAFA;DCLCRPCRSDWDWO;;;WD)</Data><Data Name='ProcessId'>0x1454</Data><Data Name='ProcessName'>C:\Windows\System32\taskhostw.exe</Data></EventData></Event><Event xmlns='http://schemas.microsoft.com/win/2004/08/events/event'><System><Provider Name='Microsoft-Windows-Security-Auditing' Guid='{54849625-5478-4994-a5ba-3e3b0328c30d}'/><EventID>4672</EventID><Version>0</Version><Level>0</Level><Task>12548</Task><Opcode>0</Opcode><Keywords>0x8020000000000000</Keywords><TimeCreated SystemTime='2020-05-18T07:12:05.322301700Z'/><EventRecordID>1692</EventRecordID><Correlation ActivityID='{7eccaef9-2cd8-0000-01b0-cc7ed82cd601}'/><Execution ProcessID='564' ThreadID='1532'/><Channel>Security</Channel><Computer>DESKTOP-P84STH6</Computer><Security/></System><EventData><Data Name='SubjectUserSid'>S-1-5-18</Data><Data Name='SubjectUserName'>SYSTEM</Data><Data Name='SubjectDomainName'>NT AUTHORITY</Data><Data Name='SubjectLogonId'>0x3e7</Data><Data Name='PrivilegeList'>SeAssignPrimaryTokenPrivilege
			SeTcbPrivilege
			SeSecurityPrivilege
			SeTakeOwnershipPrivilege
			SeLoadDriverPrivilege
			SeBackupPrivilege
			SeRestorePrivilege
			SeDebugPrivilege
			SeAuditPrivilege
			SeSystemEnvironmentPrivilege
			SeImpersonatePrivilege
			SeDelegateSessionUserImpersonatePrivilege</Data></EventData></Event><Event xmlns='http://schemas.microsoft.com/win/2004/08/events/event'><System><Provider Name='Microsoft-Windows-Security-Auditing' Guid='{54849625-5478-4994-a5ba-3e3b0328c30d}'/><EventID>4624</EventID><Version>2</Version><Level>0</Level><Task>12544</Task><Opcode>0</Opcode><Keywords>0x8020000000000000</Keywords><TimeCreated SystemTime='2020-05-18T07:12:05.322291400Z'/><EventRecordID>1691</EventRecordID><Correlation ActivityID='{7eccaef9-2cd8-0000-01b0-cc7ed82cd601}'/><Execution ProcessID='564' ThreadID='1532'/><Channel>Security</Channel><Computer>DESKTOP-P84STH6</Computer><Security/></System><EventData><Data Name='SubjectUserSid'>S-1-5-18</Data><Data Name='SubjectUserName'>DESKTOP-P84STH6$</Data><Data Name='SubjectDomainName'>WORKGROUP</Data><Data Name='SubjectLogonId'>0x3e7</Data><Data Name='TargetUserSid'>S-1-5-18</Data><Data Name='TargetUserName'>SYSTEM</Data><Data Name='TargetDomainName'>NT AUTHORITY</Data><Data Name='TargetLogonId'>0x3e7</Data><Data Name='LogonType'>5</Data><Data Name='LogonProcessName'>Advapi  </Data><Data Name='AuthenticationPackageName'>Negotiate</Data><Data Name='WorkstationName'>-</Data><Data Name='LogonGuid'>{00000000-0000-0000-0000-000000000000}</Data><Data Name='TransmittedServices'>-</Data><Data Name='LmPackageName'>-</Data><Data Name='KeyLength'>0</Data><Data Name='ProcessId'>0x22c</Data><Data Name='ProcessName'>C:\Windows\System32\services.exe</Data><Data Name='IpAddress'>-</Data><Data Name='IpPort'>-</Data><Data Name='ImpersonationLevel'>%%1833</Data><Data Name='RestrictedAdminMode'>-</Data><Data Name='TargetOutboundUserName'>-</Data><Data Name='TargetOutboundDomainName'>-</Data><Data Name='VirtualAccount'>%%1843</Data><Data Name='TargetLinkedLogonId'>0x0</Data><Data Name='ElevatedToken'>%%1842</Data></EventData></Event><Event xmlns='http://schemas.microsoft.com/win/2004/08/events/event'><System><Provider Name='Microsoft-Windows-Security-Auditing' Guid='{54849625-5478-4994-a5ba-3e3b0328c30d}'/><EventID>4672</EventID><Version>0</Version><Level>0</Level><Task>12548</Task><Opcode>0</Opcode><Keywords>0x8020000000000000</Keywords><TimeCreated SystemTime='2020-05-18T07:06:09.209175800Z'/><EventRecordID>1690</EventRecordID><Correlation ActivityID='{7eccaef9-2cd8-0000-01b0-cc7ed82cd601}'/><Execution ProcessID='564' ThreadID='3240'/><Channel>Security</Channel><Computer>DESKTOP-P84STH6</Computer><Security/></System><EventData><Data Name='SubjectUserSid'>S-1-5-18</Data><Data Name='SubjectUserName'>SYSTEM</Data><Data Name='SubjectDomainName'>NT AUTHORITY</Data><Data Name='SubjectLogonId'>0x3e7</Data><Data Name='PrivilegeList'>SeAssignPrimaryTokenPrivilege
			SeTcbPrivilege
			SeSecurityPrivilege
			SeTakeOwnershipPrivilege
			SeLoadDriverPrivilege
			SeBackupPrivilege
			SeRestorePrivilege
			SeDebugPrivilege
			SeAuditPrivilege
			SeSystemEnvironmentPrivilege
			SeImpersonatePrivilege
			SeDelegateSessionUserImpersonatePrivilege</Data></EventData></Event><Event xmlns='http://schemas.microsoft.com/win/2004/08/events/event'><System><Provider Name='Microsoft-Windows-Security-Auditing' Guid='{54849625-5478-4994-a5ba-3e3b0328c30d}'/><EventID>4624</EventID><Version>2</Version><Level>0</Level><Task>12544</Task><Opcode>0</Opcode><Keywords>0x8020000000000000</Keywords><TimeCreated SystemTime='2020-05-18T07:06:09.209042800Z'/><EventRecordID>1689</EventRecordID><Correlation ActivityID='{7eccaef9-2cd8-0000-01b0-cc7ed82cd601}'/><Execution ProcessID='564' ThreadID='3240'/><Channel>Security</Channel><Computer>DESKTOP-P84STH6</Computer><Security/></System><EventData><Data Name='SubjectUserSid'>S-1-5-18</Data><Data Name='SubjectUserName'>DESKTOP-P84STH6$</Data><Data Name='SubjectDomainName'>WORKGROUP</Data><Data Name='SubjectLogonId'>0x3e7</Data><Data Name='TargetUserSid'>S-1-5-18</Data><Data Name='TargetUserName'>SYSTEM</Data><Data Name='TargetDomainName'>NT AUTHORITY</Data><Data Name='TargetLogonId'>0x3e7</Data><Data Name='LogonType'>5</Data><Data Name='LogonProcessName'>Advapi  </Data><Data Name='AuthenticationPackageName'>Negotiate</Data><Data Name='WorkstationName'>-</Data><Data Name='LogonGuid'>{00000000-0000-0000-0000-000000000000}</Data><Data Name='TransmittedServices'>-</Data><Data Name='LmPackageName'>-</Data><Data Name='KeyLength'>0</Data><Data Name='ProcessId'>0x22c</Data><Data Name='ProcessName'>C:\Windows\System32\services.exe</Data><Data Name='IpAddress'>-</Data><Data Name='IpPort'>-</Data><Data Name='ImpersonationLevel'>%%1833</Data><Data Name='RestrictedAdminMode'>-</Data><Data Name='TargetOutboundUserName'>-</Data><Data Name='TargetOutboundDomainName'>-</Data><Data Name='VirtualAccount'>%%1843</Data><Data Name='TargetLinkedLogonId'>0x0</Data><Data Name='ElevatedToken'>%%1842</Data></EventData></Event><Event xmlns='http://schemas.microsoft.com/win/2004/08/events/event'><System><Provider Name='Microsoft-Windows-Security-Auditing' Guid='{54849625-5478-4994-a5ba-3e3b0328c30d}'/><EventID>4672</EventID><Version>0</Version><Level>0</Level><Task>12548</Task><Opcode>0</Opcode><Keywords>0x8020000000000000</Keywords><TimeCreated SystemTime='2020-05-18T06:52:28.215597200Z'/><EventRecordID>1688</EventRecordID><Correlation ActivityID='{7eccaef9-2cd8-0000-01b0-cc7ed82cd601}'/><Execution ProcessID='564' ThreadID='1848'/><Channel>Security</Channel><Computer>DESKTOP-P84STH6</Computer><Security/></System><EventData><Data Name='SubjectUserSid'>S-1-5-18</Data><Data Name='SubjectUserName'>SYSTEM</Data><Data Name='SubjectDomainName'>NT AUTHORITY</Data><Data Name='SubjectLogonId'>0x3e7</Data><Data Name='PrivilegeList'>SeAssignPrimaryTokenPrivilege
			SeTcbPrivilege
			SeSecurityPrivilege
			SeTakeOwnershipPrivilege
			SeLoadDriverPrivilege
			SeBackupPrivilege
			SeRestorePrivilege
			SeDebugPrivilege
			SeAuditPrivilege
			SeSystemEnvironmentPrivilege
			SeImpersonatePrivilege
			SeDelegateSessionUserImpersonatePrivilege</Data></EventData></Event><Event xmlns='http://schemas.microsoft.com/win/2004/08/events/event'><System><Provider Name='Microsoft-Windows-Security-Auditing' Guid='{54849625-5478-4994-a5ba-3e3b0328c30d}'/><EventID>4624</EventID><Version>2</Version><Level>0</Level><Task>12544</Task><Opcode>0</Opcode><Keywords>0x8020000000000000</Keywords><TimeCreated SystemTime='2020-05-18T06:52:28.215589200Z'/><EventRecordID>1687</EventRecordID><Correlation ActivityID='{7eccaef9-2cd8-0000-01b0-cc7ed82cd601}'/><Execution ProcessID='564' ThreadID='1848'/><Channel>Security</Channel><Computer>DESKTOP-P84STH6</Computer><Security/></System><EventData><Data Name='SubjectUserSid'>S-1-5-18</Data><Data Name='SubjectUserName'>DESKTOP-P84STH6$</Data><Data Name='SubjectDomainName'>WORKGROUP</Data><Data Name='SubjectLogonId'>0x3e7</Data><Data Name='TargetUserSid'>S-1-5-18</Data><Data Name='TargetUserName'>SYSTEM</Data><Data Name='TargetDomainName'>NT AUTHORITY</Data><Data Name='TargetLogonId'>0x3e7</Data><Data Name='LogonType'>5</Data><Data Name='LogonProcessName'>Advapi  </Data><Data Name='AuthenticationPackageName'>Negotiate</Data><Data Name='WorkstationName'>-</Data><Data Name='LogonGuid'>{00000000-0000-0000-0000-000000000000}</Data><Data Name='TransmittedServices'>-</Data><Data Name='LmPackageName'>-</Data><Data Name='KeyLength'>0</Data><Data Name='ProcessId'>0x22c</Data><Data Name='ProcessName'>C:\Windows\System32\services.exe</Data><Data Name='IpAddress'>-</Data><Data Name='IpPort'>-</Data><Data Name='ImpersonationLevel'>%%1833</Data><Data Name='RestrictedAdminMode'>-</Data><Data Name='TargetOutboundUserName'>-</Data><Data Name='TargetOutboundDomainName'>-</Data><Data Name='VirtualAccount'>%%1843</Data><Data Name='TargetLinkedLogonId'>0x0</Data><Data Name='ElevatedToken'>%%1842</Data></EventData></Event><Event xmlns='http://schemas.microsoft.com/win/2004/08/events/event'><System><Provider Name='Microsoft-Windows-Security-Auditing' Guid='{54849625-5478-4994-a5ba-3e3b0328c30d}'/><EventID>4672</EventID><Version>0</Version><Level>0</Level><Task>12548</Task><Opcode>0</Opcode><Keywords>0x8020000000000000</Keywords><TimeCreated SystemTime='2020-05-18T06:44:45.733759300Z'/><EventRecordID>1686</EventRecordID><Correlation ActivityID='{7eccaef9-2cd8-0000-01b0-cc7ed82cd601}'/><Execution ProcessID='564' ThreadID='2552'/><Channel>Security</Channel><Computer>DESKTOP-P84STH6</Computer><Security/></System><EventData><Data Name='SubjectUserSid'>S-1-5-18</Data><Data Name='SubjectUserName'>SYSTEM</Data><Data Name='SubjectDomainName'>NT AUTHORITY</Data><Data Name='SubjectLogonId'>0x3e7</Data><Data Name='PrivilegeList'>SeAssignPrimaryTokenPrivilege
			SeTcbPrivilege
			SeSecurityPrivilege
			SeTakeOwnershipPrivilege
			SeLoadDriverPrivilege
			SeBackupPrivilege
			SeRestorePrivilege
			SeDebugPrivilege
			SeAuditPrivilege
			SeSystemEnvironmentPrivilege
			SeImpersonatePrivilege
			SeDelegateSessionUserImpersonatePrivilege</Data></EventData></Event><Event xmlns='http://schemas.microsoft.com/win/2004/08/events/event'><System><Provider Name='Microsoft-Windows-Security-Auditing' Guid='{54849625-5478-4994-a5ba-3e3b0328c30d}'/><EventID>4624</EventID><Version>2</Version><Level>0</Level><Task>12544</Task><Opcode>0</Opcode><Keywords>0x8020000000000000</Keywords><TimeCreated SystemTime='2020-05-18T06:44:45.733750900Z'/><EventRecordID>1685</EventRecordID><Correlation ActivityID='{7eccaef9-2cd8-0000-01b0-cc7ed82cd601}'/><Execution ProcessID='564' ThreadID='2552'/><Channel>Security</Channel><Computer>DESKTOP-P84STH6</Computer><Security/></System><EventData><Data Name='SubjectUserSid'>S-1-5-18</Data><Data Name='SubjectUserName'>DESKTOP-P84STH6$</Data><Data Name='SubjectDomainName'>WORKGROUP</Data><Data Name='SubjectLogonId'>0x3e7</Data><Data Name='TargetUserSid'>S-1-5-18</Data><Data Name='TargetUserName'>SYSTEM</Data><Data Name='TargetDomainName'>NT AUTHORITY</Data><Data Name='TargetLogonId'>0x3e7</Data><Data Name='LogonType'>5</Data><Data Name='LogonProcessName'>Advapi  </Data><Data Name='AuthenticationPackageName'>Negotiate</Data><Data Name='WorkstationName'>-</Data><Data Name='LogonGuid'>{00000000-0000-0000-0000-000000000000}</Data><Data Name='TransmittedServices'>-</Data><Data Name='LmPackageName'>-</Data><Data Name='KeyLength'>0</Data><Data Name='ProcessId'>0x22c</Data><Data Name='ProcessName'>C:\Windows\System32\services.exe</Data><Data Name='IpAddress'>-</Data><Data Name='IpPort'>-</Data><Data Name='ImpersonationLevel'>%%1833</Data><Data Name='RestrictedAdminMode'>-</Data><Data Name='TargetOutboundUserName'>-</Data><Data Name='TargetOutboundDomainName'>-</Data><Data Name='VirtualAccount'>%%1843</Data><Data Name='TargetLinkedLogonId'>0x0</Data><Data Name='ElevatedToken'>%%1842</Data></EventData></Event><Event xmlns='http://schemas.microsoft.com/win/2004/08/events/event'><System><Provider Name='Microsoft-Windows-Security-Auditing' Guid='{54849625-5478-4994-a5ba-3e3b0328c30d}'/><EventID>4672</EventID><Version>0</Version><Level>0</Level><Task>12548</Task><Opcode>0</Opcode><Keywords>0x8020000000000000</Keywords><TimeCreated SystemTime='2020-05-18T06:37:25.903657000Z'/><EventRecordID>1684</EventRecordID><Correlation ActivityID='{7eccaef9-2cd8-0000-01b0-cc7ed82cd601}'/><Execution ProcessID='564' ThreadID='3140'/><Channel>Security</Channel><Computer>DESKTOP-P84STH6</Computer><Security/></System><EventData><Data Name='SubjectUserSid'>S-1-5-18</Data><Data Name='SubjectUserName'>SYSTEM</Data><Data Name='SubjectDomainName'>NT AUTHORITY</Data><Data Name='SubjectLogonId'>0x3e7</Data><Data Name='PrivilegeList'>SeAssignPrimaryTokenPrivilege
			SeTcbPrivilege
			SeSecurityPrivilege
			SeTakeOwnershipPrivilege
			SeLoadDriverPrivilege
			SeBackupPrivilege
			SeRestorePrivilege
			SeDebugPrivilege
			SeAuditPrivilege
			SeSystemEnvironmentPrivilege
			SeImpersonatePrivilege
			SeDelegateSessionUserImpersonatePrivilege</Data></EventData></Event><Event xmlns='http://schemas.microsoft.com/win/2004/08/events/event'><System><Provider Name='Microsoft-Windows-Security-Auditing' Guid='{54849625-5478-4994-a5ba-3e3b0328c30d}'/><EventID>4624</EventID><Version>2</Version><Level>0</Level><Task>12544</Task><Opcode>0</Opcode><Keywords>0x8020000000000000</Keywords><TimeCreated SystemTime='2020-05-18T06:37:25.903649000Z'/><EventRecordID>1683</EventRecordID><Correlation ActivityID='{7eccaef9-2cd8-0000-01b0-cc7ed82cd601}'/><Execution ProcessID='564' ThreadID='3140'/><Channel>Security</Channel><Computer>DESKTOP-P84STH6</Computer><Security/></System><EventData><Data Name='SubjectUserSid'>S-1-5-18</Data><Data Name='SubjectUserName'>DESKTOP-P84STH6$</Data><Data Name='SubjectDomainName'>WORKGROUP</Data><Data Name='SubjectLogonId'>0x3e7</Data><Data Name='TargetUserSid'>S-1-5-18</Data><Data Name='TargetUserName'>SYSTEM</Data><Data Name='TargetDomainName'>NT AUTHORITY</Data><Data Name='TargetLogonId'>0x3e7</Data><Data Name='LogonType'>5</Data><Data Name='LogonProcessName'>Advapi  </Data><Data Name='AuthenticationPackageName'>Negotiate</Data><Data Name='WorkstationName'>-</Data><Data Name='LogonGuid'>{00000000-0000-0000-0000-000000000000}</Data><Data Name='TransmittedServices'>-</Data><Data Name='LmPackageName'>-</Data><Data Name='KeyLength'>0</Data><Data Name='ProcessId'>0x22c</Data><Data Name='ProcessName'>C:\Windows\System32\services.exe</Data><Data Name='IpAddress'>-</Data><Data Name='IpPort'>-</Data><Data Name='ImpersonationLevel'>%%1833</Data><Data Name='RestrictedAdminMode'>-</Data><Data Name='TargetOutboundUserName'>-</Data><Data Name='TargetOutboundDomainName'>-</Data><Data Name='VirtualAccount'>%%1843</Data><Data Name='TargetLinkedLogonId'>0x0</Data><Data Name='ElevatedToken'>%%1842</Data></EventData></Event><Event xmlns='http://schemas.microsoft.com/win/2004/08/events/event'><System><Provider Name='Microsoft-Windows-Security-Auditing' Guid='{54849625-5478-4994-a5ba-3e3b0328c30d}'/><EventID>5379</EventID><Version>0</Version><Level>0</Level><Task>13824</Task><Opcode>0</Opcode><Keywords>0x8020000000000000</Keywords><TimeCreated SystemTime='2020-05-18T06:32:17.685116400Z'/><EventRecordID>1682</EventRecordID><Correlation ActivityID='{7eccaef9-2cd8-0000-01b0-cc7ed82cd601}'/><Execution ProcessID='564' ThreadID='1532'/><Channel>Security</Channel><Computer>DESKTOP-P84STH6</Computer><Security/></System><EventData><Data Name='SubjectUserSid'>S-1-5-21-223836497-1760142647-788189203-1001</Data><Data Name='SubjectUserName'>NS</Data><Data Name='SubjectDomainName'>DESKTOP-P84STH6</Data><Data Name='SubjectLogonId'>0x30f71</Data><Data Name='TargetName'>MicrosoftAccount:user=02flltvfsrqcinsh</Data><Data Name='Type'>0</Data><Data Name='CountOfCredentialsReturned'>0</Data><Data Name='ReadOperation'>%%8100</Data><Data Name='ReturnCode'>3221226021</Data><Data Name='ProcessCreationTime'>2020-05-18T05:52:26.938188300Z</Data><Data Name='ClientProcessId'>264</Data></EventData></Event><Event xmlns='http://schemas.microsoft.com/win/2004/08/events/event'><System><Provider Name='Microsoft-Windows-Security-Auditing' Guid='{54849625-5478-4994-a5ba-3e3b0328c30d}'/><EventID>5379</EventID><Version>0</Version><Level>0</Level><Task>13824</Task><Opcode>0</Opcode><Keywords>0x8020000000000000</Keywords><TimeCreated SystemTime='2020-05-18T06:32:17.684762900Z'/><EventRecordID>1681</EventRecordID><Correlation ActivityID='{7eccaef9-2cd8-0000-01b0-cc7ed82cd601}'/><Execution ProcessID='564' ThreadID='1532'/><Channel>Security</Channel><Computer>DESKTOP-P84STH6</Computer><Security/></System><EventData><Data Name='SubjectUserSid'>S-1-5-21-223836497-1760142647-788189203-1001</Data><Data Name='SubjectUserName'>NS</Data><Data Name='SubjectDomainName'>DESKTOP-P84STH6</Data><Data Name='SubjectLogonId'>0x30f71</Data><Data Name='TargetName'>MicrosoftAccount:user=02flltvfsrqcinsh</Data><Data Name='Type'>0</Data><Data Name='CountOfCredentialsReturned'>0</Data><Data Name='ReadOperation'>%%8100</Data><Data Name='ReturnCode'>3221226021</Data><Data Name='ProcessCreationTime'>2020-05-18T05:52:26.938188300Z</Data><Data Name='ClientProcessId'>264</Data></EventData></Event><Event xmlns='http://schemas.microsoft.com/win/2004/08/events/event'><System><Provider Name='Microsoft-Windows-Security-Auditing' Guid='{54849625-5478-4994-a5ba-3e3b0328c30d}'/><EventID>5379</EventID><Version>0</Version><Level>0</Level><Task>13824</Task><Opcode>0</Opcode><Keywords>0x8020000000000000</Keywords><TimeCreated SystemTime='2020-05-18T06:32:17.676461200Z'/><EventRecordID>1680</EventRecordID><Correlation ActivityID='{7eccaef9-2cd8-0000-01b0-cc7ed82cd601}'/><Execution ProcessID='564' ThreadID='1532'/><Channel>Security</Channel><Computer>DESKTOP-P84STH6</Computer><Security/></System><EventData><Data Name='SubjectUserSid'>S-1-5-21-223836497-1760142647-788189203-1001</Data><Data Name='SubjectUserName'>NS</Data><Data Name='SubjectDomainName'>DESKTOP-P84STH6</Data><Data Name='SubjectLogonId'>0x30f71</Data><Data Name='TargetName'>MicrosoftAccount:user=02flltvfsrqcinsh</Data><Data Name='Type'>0</Data><Data Name='CountOfCredentialsReturned'>0</Data><Data Name='ReadOperation'>%%8100</Data><Data Name='ReturnCode'>3221226021</Data><Data Name='ProcessCreationTime'>2020-05-18T05:52:26.938188300Z</Data><Data Name='ClientProcessId'>264</Data></EventData></Event><Event xmlns='http://schemas.microsoft.com/win/2004/08/events/event'><System><Provider Name='Microsoft-Windows-Security-Auditing' Guid='{54849625-5478-4994-a5ba-3e3b0328c30d}'/><EventID>5379</EventID><Version>0</Version><Level>0</Level><Task>13824</Task><Opcode>0</Opcode><Keywords>0x8020000000000000</Keywords><TimeCreated SystemTime='2020-05-18T06:32:17.660345000Z'/><EventRecordID>1679</EventRecordID><Correlation ActivityID='{7eccaef9-2cd8-0000-01b0-cc7ed82cd601}'/><Execution ProcessID='564' ThreadID='3148'/><Channel>Security</Channel><Computer>DESKTOP-P84STH6</Computer><Security/></System><EventData><Data Name='SubjectUserSid'>S-1-5-21-223836497-1760142647-788189203-1001</Data><Data Name='SubjectUserName'>NS</Data><Data Name='SubjectDomainName'>DESKTOP-P84STH6</Data><Data Name='SubjectLogonId'>0x30f71</Data><Data Name='TargetName'>MicrosoftAccount:user=02flltvfsrqcinsh</Data><Data Name='Type'>0</Data><Data Name='CountOfCredentialsReturned'>0</Data><Data Name='ReadOperation'>%%8100</Data><Data Name='ReturnCode'>3221226021</Data><Data Name='ProcessCreationTime'>2020-05-18T05:52:26.938188300Z</Data><Data Name='ClientProcessId'>264</Data></EventData></Event><Event xmlns='http://schemas.microsoft.com/win/2004/08/events/event'><System><Provider Name='Microsoft-Windows-Security-Auditing' Guid='{54849625-5478-4994-a5ba-3e3b0328c30d}'/><EventID>5379</EventID><Version>0</Version><Level>0</Level><Task>13824</Task><Opcode>0</Opcode><Keywords>0x8020000000000000</Keywords><TimeCreated SystemTime='2020-05-18T06:32:16.701868300Z'/><EventRecordID>1678</EventRecordID><Correlation ActivityID='{7eccaef9-2cd8-0000-01b0-cc7ed82cd601}'/><Execution ProcessID='564' ThreadID='1532'/><Channel>Security</Channel><Computer>DESKTOP-P84STH6</Computer><Security/></System><EventData><Data Name='SubjectUserSid'>S-1-5-21-223836497-1760142647-788189203-1001</Data><Data Name='SubjectUserName'>NS</Data><Data Name='SubjectDomainName'>DESKTOP-P84STH6</Data><Data Name='SubjectLogonId'>0x30f71</Data><Data Name='TargetName'>WindowsLive:(cert):name=02flltvfsrqcinsh;serviceuri=*</Data><Data Name='Type'>0</Data><Data Name='CountOfCredentialsReturned'>0</Data><Data Name='ReadOperation'>%%8100</Data><Data Name='ReturnCode'>3221226021</Data><Data Name='ProcessCreationTime'>2020-05-18T05:52:26.938188300Z</Data><Data Name='ClientProcessId'>264</Data></EventData></Event><Event xmlns='http://schemas.microsoft.com/win/2004/08/events/event'><System><Provider Name='Microsoft-Windows-Security-Auditing' Guid='{54849625-5478-4994-a5ba-3e3b0328c30d}'/><EventID>5379</EventID><Version>0</Version><Level>0</Level><Task>13824</Task><Opcode>0</Opcode><Keywords>0x8020000000000000</Keywords><TimeCreated SystemTime='2020-05-18T06:32:16.701247700Z'/><EventRecordID>1677</EventRecordID><Correlation ActivityID='{7eccaef9-2cd8-0000-01b0-cc7ed82cd601}'/><Execution ProcessID='564' ThreadID='1532'/><Channel>Security</Channel><Computer>DESKTOP-P84STH6</Computer><Security/></System><EventData><Data Name='SubjectUserSid'>S-1-5-21-223836497-1760142647-788189203-1001</Data><Data Name='SubjectUserName'>NS</Data><Data Name='SubjectDomainName'>DESKTOP-P84STH6</Data><Data Name='SubjectLogonId'>0x30f71</Data><Data Name='TargetName'>WindowsLive:(token):name=02flltvfsrqcinsh;serviceuri=*</Data><Data Name='Type'>0</Data><Data Name='CountOfCredentialsReturned'>0</Data><Data Name='ReadOperation'>%%8100</Data><Data Name='ReturnCode'>3221226021</Data><Data Name='ProcessCreationTime'>2020-05-18T05:52:26.938188300Z</Data><Data Name='ClientProcessId'>264</Data></EventData></Event><Event xmlns='http://schemas.microsoft.com/win/2004/08/events/event'><System><Provider Name='Microsoft-Windows-Security-Auditing' Guid='{54849625-5478-4994-a5ba-3e3b0328c30d}'/><EventID>5379</EventID><Version>0</Version><Level>0</Level><Task>13824</Task><Opcode>0</Opcode><Keywords>0x8020000000000000</Keywords><TimeCreated SystemTime='2020-05-18T06:32:16.700685000Z'/><EventRecordID>1676</EventRecordID><Correlation ActivityID='{7eccaef9-2cd8-0000-01b0-cc7ed82cd601}'/><Execution ProcessID='564' ThreadID='1532'/><Channel>Security</Channel><Computer>DESKTOP-P84STH6</Computer><Security/></System><EventData><Data Name='SubjectUserSid'>S-1-5-21-223836497-1760142647-788189203-1001</Data><Data Name='SubjectUserName'>NS</Data><Data Name='SubjectDomainName'>DESKTOP-P84STH6</Data><Data Name='SubjectLogonId'>0x30f71</Data><Data Name='TargetName'>MicrosoftAccount:user=02flltvfsrqcinsh</Data><Data Name='Type'>0</Data><Data Name='CountOfCredentialsReturned'>0</Data><Data Name='ReadOperation'>%%8100</Data><Data Name='ReturnCode'>3221226021</Data><Data Name='ProcessCreationTime'>2020-05-18T05:52:26.938188300Z</Data><Data Name='ClientProcessId'>264</Data></EventData></Event><Event xmlns='http://schemas.microsoft.com/win/2004/08/events/event'><System><Provider Name='Microsoft-Windows-Security-Auditing' Guid='{54849625-5478-4994-a5ba-3e3b0328c30d}'/><EventID>5379</EventID><Version>0</Version><Level>0</Level><Task>13824</Task><Opcode>0</Opcode><Keywords>0x8020000000000000</Keywords><TimeCreated SystemTime='2020-05-18T06:32:16.697114100Z'/><EventRecordID>1675</EventRecordID><Correlation ActivityID='{7eccaef9-2cd8-0000-01b0-cc7ed82cd601}'/><Execution ProcessID='564' ThreadID='1532'/><Channel>Security</Channel><Computer>DESKTOP-P84STH6</Computer><Security/></System><EventData><Data Name='SubjectUserSid'>S-1-5-21-223836497-1760142647-788189203-1001</Data><Data Name='SubjectUserName'>NS</Data><Data Name='SubjectDomainName'>DESKTOP-P84STH6</Data><Data Name='SubjectLogonId'>0x30f71</Data><Data Name='TargetName'>WindowsLive:target=virtualapp/didlogical</Data><Data Name='Type'>0</Data><Data Name='CountOfCredentialsReturned'>1</Data><Data Name='ReadOperation'>%%8100</Data><Data Name='ReturnCode'>0</Data><Data Name='ProcessCreationTime'>2020-05-18T05:52:26.938188300Z</Data><Data Name='ClientProcessId'>264</Data></EventData></Event><Event xmlns='http://schemas.microsoft.com/win/2004/08/events/event'><System><Provider Name='Microsoft-Windows-Security-Auditing' Guid='{54849625-5478-4994-a5ba-3e3b0328c30d}'/><EventID>5379</EventID><Version>0</Version><Level>0</Level><Task>13824</Task><Opcode>0</Opcode><Keywords>0x8020000000000000</Keywords><TimeCreated SystemTime='2020-05-18T06:32:16.696612400Z'/><EventRecordID>1674</EventRecordID><Correlation ActivityID='{7eccaef9-2cd8-0000-01b0-cc7ed82cd601}'/><Execution ProcessID='564' ThreadID='1532'/><Channel>Security</Channel><Computer>DESKTOP-P84STH6</Computer><Security/></System><EventData><Data Name='SubjectUserSid'>S-1-5-21-223836497-1760142647-788189203-1001</Data><Data Name='SubjectUserName'>NS</Data><Data Name='SubjectDomainName'>DESKTOP-P84STH6</Data><Data Name='SubjectLogonId'>0x30f71</Data><Data Name='TargetName'>WindowsLive:(cert):name=02flltvfsrqcinsh;serviceuri=*</Data><Data Name='Type'>0</Data><Data Name='CountOfCredentialsReturned'>0</Data><Data Name='ReadOperation'>%%8100</Data><Data Name='ReturnCode'>3221226021</Data><Data Name='ProcessCreationTime'>2020-05-18T05:52:26.938188300Z</Data><Data Name='ClientProcessId'>264</Data></EventData></Event><Event xmlns='http://schemas.microsoft.com/win/2004/08/events/event'><System><Provider Name='Microsoft-Windows-Security-Auditing' Guid='{54849625-5478-4994-a5ba-3e3b0328c30d}'/><EventID>5379</EventID><Version>0</Version><Level>0</Level><Task>13824</Task><Opcode>0</Opcode><Keywords>0x8020000000000000</Keywords><TimeCreated SystemTime='2020-05-18T06:32:16.695672400Z'/><EventRecordID>1673</EventRecordID><Correlation ActivityID='{7eccaef9-2cd8-0000-01b0-cc7ed82cd601}'/><Execution ProcessID='564' ThreadID='6492'/><Channel>Security</Channel><Computer>DESKTOP-P84STH6</Computer><Security/></System><EventData><Data Name='SubjectUserSid'>S-1-5-21-223836497-1760142647-788189203-1001</Data><Data Name='SubjectUserName'>NS</Data><Data Name='SubjectDomainName'>DESKTOP-P84STH6</Data><Data Name='SubjectLogonId'>0x30f71</Data><Data Name='TargetName'>WindowsLive:(token):name=02flltvfsrqcinsh;serviceuri=*</Data><Data Name='Type'>0</Data><Data Name='CountOfCredentialsReturned'>0</Data><Data Name='ReadOperation'>%%8100</Data><Data Name='ReturnCode'>3221226021</Data><Data Name='ProcessCreationTime'>2020-05-18T05:52:26.938188300Z</Data><Data Name='ClientProcessId'>264</Data></EventData></Event><Event xmlns='http://schemas.microsoft.com/win/2004/08/events/event'><System><Provider Name='Microsoft-Windows-Security-Auditing' Guid='{54849625-5478-4994-a5ba-3e3b0328c30d}'/><EventID>5379</EventID><Version>0</Version><Level>0</Level><Task>13824</Task><Opcode>0</Opcode><Keywords>0x8020000000000000</Keywords><TimeCreated SystemTime='2020-05-18T06:32:16.689429700Z'/><EventRecordID>1672</EventRecordID><Correlation ActivityID='{7eccaef9-2cd8-0000-01b0-cc7ed82cd601}'/><Execution ProcessID='564' ThreadID='6492'/><Channel>Security</Channel><Computer>DESKTOP-P84STH6</Computer><Security/></System><EventData><Data Name='SubjectUserSid'>S-1-5-18</Data><Data Name='SubjectUserName'>DESKTOP-P84STH6$</Data><Data Name='SubjectDomainName'>WORKGROUP</Data><Data Name='SubjectLogonId'>0x3e7</Data><Data Name='TargetName'>WindowsLive:target=virtualapp/didlogical</Data><Data Name='Type'>0</Data><Data Name='CountOfCredentialsReturned'>1</Data><Data Name='ReadOperation'>%%8100</Data><Data Name='ReturnCode'>0</Data><Data Name='ProcessCreationTime'>2020-05-18T05:52:26.938188300Z</Data><Data Name='ClientProcessId'>264</Data></EventData></Event><Event xmlns='http://schemas.microsoft.com/win/2004/08/events/event'><System><Provider Name='Microsoft-Windows-Security-Auditing' Guid='{54849625-5478-4994-a5ba-3e3b0328c30d}'/><EventID>5379</EventID><Version>0</Version><Level>0</Level><Task>13824</Task><Opcode>0</Opcode><Keywords>0x8020000000000000</Keywords><TimeCreated SystemTime='2020-05-18T06:32:16.688766700Z'/><EventRecordID>1671</EventRecordID><Correlation ActivityID='{7eccaef9-2cd8-0000-01b0-cc7ed82cd601}'/><Execution ProcessID='564' ThreadID='6492'/><Channel>Security</Channel><Computer>DESKTOP-P84STH6</Computer><Security/></System><EventData><Data Name='SubjectUserSid'>S-1-5-18</Data><Data Name='SubjectUserName'>DESKTOP-P84STH6$</Data><Data Name='SubjectDomainName'>WORKGROUP</Data><Data Name='SubjectLogonId'>0x3e7</Data><Data Name='TargetName'>WindowsLive:(cert):name=02seplqqxjnciqzh;serviceuri=*</Data><Data Name='Type'>0</Data><Data Name='CountOfCredentialsReturned'>0</Data><Data Name='ReadOperation'>%%8100</Data><Data Name='ReturnCode'>3221226021</Data><Data Name='ProcessCreationTime'>2020-05-18T05:52:26.938188300Z</Data><Data Name='ClientProcessId'>264</Data></EventData></Event><Event xmlns='http://schemas.microsoft.com/win/2004/08/events/event'><System><Provider Name='Microsoft-Windows-Security-Auditing' Guid='{54849625-5478-4994-a5ba-3e3b0328c30d}'/><EventID>5379</EventID><Version>0</Version><Level>0</Level><Task>13824</Task><Opcode>0</Opcode><Keywords>0x8020000000000000</Keywords><TimeCreated SystemTime='2020-05-18T06:32:16.688051700Z'/><EventRecordID>1670</EventRecordID><Correlation ActivityID='{7eccaef9-2cd8-0000-01b0-cc7ed82cd601}'/><Execution ProcessID='564' ThreadID='6492'/><Channel>Security</Channel><Computer>DESKTOP-P84STH6</Computer><Security/></System><EventData><Data Name='SubjectUserSid'>S-1-5-18</Data><Data Name='SubjectUserName'>DESKTOP-P84STH6$</Data><Data Name='SubjectDomainName'>WORKGROUP</Data><Data Name='SubjectLogonId'>0x3e7</Data><Data Name='TargetName'>WindowsLive:(token):name=02seplqqxjnciqzh;serviceuri=*</Data><Data Name='Type'>0</Data><Data Name='CountOfCredentialsReturned'>0</Data><Data Name='ReadOperation'>%%8100</Data><Data Name='ReturnCode'>3221226021</Data><Data Name='ProcessCreationTime'>2020-05-18T05:52:26.938188300Z</Data><Data Name='ClientProcessId'>264</Data></EventData></Event><Event xmlns='http://schemas.microsoft.com/win/2004/08/events/event'><System><Provider Name='Microsoft-Windows-Security-Auditing' Guid='{54849625-5478-4994-a5ba-3e3b0328c30d}'/><EventID>4672</EventID><Version>0</Version><Level>0</Level><Task>12548</Task><Opcode>0</Opcode><Keywords>0x8020000000000000</Keywords><TimeCreated SystemTime='2020-05-18T06:32:16.138165600Z'/><EventRecordID>1669</EventRecordID><Correlation ActivityID='{7eccaef9-2cd8-0000-01b0-cc7ed82cd601}'/><Execution ProcessID='564' ThreadID='6492'/><Channel>Security</Channel><Computer>DESKTOP-P84STH6</Computer><Security/></System><EventData><Data Name='SubjectUserSid'>S-1-5-18</Data><Data Name='SubjectUserName'>SYSTEM</Data><Data Name='SubjectDomainName'>NT AUTHORITY</Data><Data Name='SubjectLogonId'>0x3e7</Data><Data Name='PrivilegeList'>SeAssignPrimaryTokenPrivilege
			SeTcbPrivilege
			SeSecurityPrivilege
			SeTakeOwnershipPrivilege
			SeLoadDriverPrivilege
			SeBackupPrivilege
			SeRestorePrivilege
			SeDebugPrivilege
			SeAuditPrivilege
			SeSystemEnvironmentPrivilege
			SeImpersonatePrivilege
			SeDelegateSessionUserImpersonatePrivilege</Data></EventData></Event><Event xmlns='http://schemas.microsoft.com/win/2004/08/events/event'><System><Provider Name='Microsoft-Windows-Security-Auditing' Guid='{54849625-5478-4994-a5ba-3e3b0328c30d}'/><EventID>4624</EventID><Version>2</Version><Level>0</Level><Task>12544</Task><Opcode>0</Opcode><Keywords>0x8020000000000000</Keywords><TimeCreated SystemTime='2020-05-18T06:32:16.138157400Z'/><EventRecordID>1668</EventRecordID><Correlation ActivityID='{7eccaef9-2cd8-0000-01b0-cc7ed82cd601}'/><Execution ProcessID='564' ThreadID='6492'/><Channel>Security</Channel><Computer>DESKTOP-P84STH6</Computer><Security/></System><EventData><Data Name='SubjectUserSid'>S-1-5-18</Data><Data Name='SubjectUserName'>DESKTOP-P84STH6$</Data><Data Name='SubjectDomainName'>WORKGROUP</Data><Data Name='SubjectLogonId'>0x3e7</Data><Data Name='TargetUserSid'>S-1-5-18</Data><Data Name='TargetUserName'>SYSTEM</Data><Data Name='TargetDomainName'>NT AUTHORITY</Data><Data Name='TargetLogonId'>0x3e7</Data><Data Name='LogonType'>5</Data><Data Name='LogonProcessName'>Advapi  </Data><Data Name='AuthenticationPackageName'>Negotiate</Data><Data Name='WorkstationName'>-</Data><Data Name='LogonGuid'>{00000000-0000-0000-0000-000000000000}</Data><Data Name='TransmittedServices'>-</Data><Data Name='LmPackageName'>-</Data><Data Name='KeyLength'>0</Data><Data Name='ProcessId'>0x22c</Data><Data Name='ProcessName'>C:\Windows\System32\services.exe</Data><Data Name='IpAddress'>-</Data><Data Name='IpPort'>-</Data><Data Name='ImpersonationLevel'>%%1833</Data><Data Name='RestrictedAdminMode'>-</Data><Data Name='TargetOutboundUserName'>-</Data><Data Name='TargetOutboundDomainName'>-</Data><Data Name='VirtualAccount'>%%1843</Data><Data Name='TargetLinkedLogonId'>0x0</Data><Data Name='ElevatedToken'>%%1842</Data></EventData></Event><Event xmlns='http://schemas.microsoft.com/win/2004/08/events/event'><System><Provider Name='Microsoft-Windows-Security-Auditing' Guid='{54849625-5478-4994-a5ba-3e3b0328c30d}'/><EventID>4672</EventID><Version>0</Version><Level>0</Level><Task>12548</Task><Opcode>0</Opcode><Keywords>0x8020000000000000</Keywords><TimeCreated SystemTime='2020-05-18T06:22:34.373914000Z'/><EventRecordID>1667</EventRecordID><Correlation ActivityID='{7eccaef9-2cd8-0000-01b0-cc7ed82cd601}'/><Execution ProcessID='564' ThreadID='5916'/><Channel>Security</Channel><Computer>DESKTOP-P84STH6</Computer><Security/></System><EventData><Data Name='SubjectUserSid'>S-1-5-18</Data><Data Name='SubjectUserName'>SYSTEM</Data><Data Name='SubjectDomainName'>NT AUTHORITY</Data><Data Name='SubjectLogonId'>0x3e7</Data><Data Name='PrivilegeList'>SeAssignPrimaryTokenPrivilege
			SeTcbPrivilege
			SeSecurityPrivilege
			SeTakeOwnershipPrivilege
			SeLoadDriverPrivilege
			SeBackupPrivilege
			SeRestorePrivilege
			SeDebugPrivilege
			SeAuditPrivilege
			SeSystemEnvironmentPrivilege
			SeImpersonatePrivilege
			SeDelegateSessionUserImpersonatePrivilege</Data></EventData></Event><Event xmlns='http://schemas.microsoft.com/win/2004/08/events/event'><System><Provider Name='Microsoft-Windows-Security-Auditing' Guid='{54849625-5478-4994-a5ba-3e3b0328c30d}'/><EventID>4624</EventID><Version>2</Version><Level>0</Level><Task>12544</Task><Opcode>0</Opcode><Keywords>0x8020000000000000</Keywords><TimeCreated SystemTime='2020-05-18T06:22:34.373903700Z'/><EventRecordID>1666</EventRecordID><Correlation ActivityID='{7eccaef9-2cd8-0000-01b0-cc7ed82cd601}'/><Execution ProcessID='564' ThreadID='5916'/><Channel>Security</Channel><Computer>DESKTOP-P84STH6</Computer><Security/></System><EventData><Data Name='SubjectUserSid'>S-1-5-18</Data><Data Name='SubjectUserName'>DESKTOP-P84STH6$</Data><Data Name='SubjectDomainName'>WORKGROUP</Data><Data Name='SubjectLogonId'>0x3e7</Data><Data Name='TargetUserSid'>S-1-5-18</Data><Data Name='TargetUserName'>SYSTEM</Data><Data Name='TargetDomainName'>NT AUTHORITY</Data><Data Name='TargetLogonId'>0x3e7</Data><Data Name='LogonType'>5</Data><Data Name='LogonProcessName'>Advapi  </Data><Data Name='AuthenticationPackageName'>Negotiate</Data><Data Name='WorkstationName'>-</Data><Data Name='LogonGuid'>{00000000-0000-0000-0000-000000000000}</Data><Data Name='TransmittedServices'>-</Data><Data Name='LmPackageName'>-</Data><Data Name='KeyLength'>0</Data><Data Name='ProcessId'>0x22c</Data><Data Name='ProcessName'>C:\Windows\System32\services.exe</Data><Data Name='IpAddress'>-</Data><Data Name='IpPort'>-</Data><Data Name='ImpersonationLevel'>%%1833</Data><Data Name='RestrictedAdminMode'>-</Data><Data Name='TargetOutboundUserName'>-</Data><Data Name='TargetOutboundDomainName'>-</Data><Data Name='VirtualAccount'>%%1843</Data><Data Name='TargetLinkedLogonId'>0x0</Data><Data Name='ElevatedToken'>%%1842</Data></EventData></Event></Events>